algo,users,traffic,weight_name,blocking_rate_mean,blocking_rate_std,spectral_efficiency_mean,spectral_efficiency_std,energy_efficiency_mean,energy_efficiency_std,total_power_mean,total_power_std,qos_violations_mean,qos_violations_std,episode_reward_mean,episode_reward_std,invalid_action_rate_mean,invalid_action_rate_std,selector_evaluated_actions_mean,selector_evaluated_actions_std
dqn,25,hotspot,equal,0.012000000000000002,0.004,87.25230520979956,2.383469123998312,0.3651475139268035,0.31195062181020966,596.1412104289766,689.9047477994475,0.0,0.0,21.066666666666666,0.5033222956847166,0.05999999999999997,0.0056950926393436125,,
dqn,25,uniform,equal,0.04133333333333333,0.00832666399786453,81.24638753994635,1.6848781119845522,0.5574742702816357,0.4656064024845694,234.7642719257424,110.09211515258693,0.0,0.0,21.0,0.4358898943540664,0.018518518518518465,0.0010762713440841155,,
dqn,50,hotspot,equal,0.07466666666666666,0.0023094010767585062,150.9006698726573,2.4392509222002245,0.5336351599086105,0.24137174925029153,321.2257448839912,126.68878340121766,0.0,0.0,40.6,0.3605551275463972,0.11798353909465013,0.005846084219902512,,
dqn,50,uniform,equal,0.1353333333333333,0.04500370355130042,134.0478019894019,6.30524087109969,0.3685612978611054,0.2746472979576125,922.1704396508935,1135.2489413095575,0.0,0.0,39.63333333333333,1.0692676621563604,0.037407407407407396,0.0009642283550501956,,
dqn,75,hotspot,equal,0.11199999999999997,0.028689913055133336,209.7901955413303,9.335416436361442,0.2079200462628147,0.11208303594412163,1444.5665317215637,1179.992832213012,0.0,0.0,58.666666666666664,2.65015722804013,0.1745679012345679,0.000997889354154908,,
dqn,75,uniform,equal,0.23155555555555551,0.04390562268894161,181.60046207575581,4.721272334287774,0.20002001510425763,0.18187241191742104,1486.2605720408956,998.5963677161669,0.0,0.0,54.03333333333333,3.295957119462165,0.0528120713305898,0.0019912479903016985,,
dqn,100,hotspot,equal,0.157,0.03900000000000001,258.17119069783865,6.907400569553273,0.3356757503875058,0.1531257724432686,894.7458918329952,414.14361246140385,0.0,0.0,73.93333333333334,5.181055233572917,0.23792181069958848,0.006196354388031611,,
dqn,100,uniform,equal,0.2643333333333333,0.0011547005383792206,228.49109790845705,2.4010687019396912,0.1087143937505697,0.031651706416612205,2249.4381297088808,758.7180027670748,0.0,0.0,68.89999999999999,0.6082762530298192,0.06855967078189297,0.002983680995632178,,
dqn,125,hotspot,equal,0.29733333333333334,0.03780652501002088,270.98617190154823,1.3910671261152059,0.18842970536944356,0.08931193422737614,1757.6262490772133,990.9922650559906,0.0,0.0,79.13333333333334,3.501904243884086,0.27030452674897115,0.032564235076022734,,
dqn,125,uniform,equal,0.3389333333333333,0.04017030412298786,262.0837975495937,10.394629530092573,0.17343701422187482,0.0756638954513479,1751.178897790358,637.1294033233254,0.0,0.0,78.66666666666667,5.484827557301444,0.07899588477366253,0.0023991734253763124,,
dqn,150,hotspot,equal,0.34577777777777774,0.08187886264566784,294.13412435669176,26.19256016934068,0.2518209699992569,0.18993381123791286,1672.8171668043003,991.1367731660393,0.0,0.0,89.89999999999999,12.480785231707175,0.3242386831275719,0.01156751986347846,,
dqn,150,uniform,equal,0.31466666666666665,0.027300793639257703,319.82297804889726,7.5584352270454085,0.1089307264202634,0.03168427040467888,3116.326872601923,865.7559502622539,0.0,0.0,97.39999999999999,3.300000000000006,0.09662551440329213,0.007868157788993411,,
dqn,200,hotspot,equal,0.43399999999999994,0.022715633383201095,324.1551363968234,9.867232192609118,0.33338487789550025,0.2023743912269298,1341.3302800892495,945.3728844887157,0.0,0.0,104.26666666666667,5.139390365922147,0.3863991769547325,0.009976793170715958,,
dqn,200,uniform,equal,0.3535,0.032668792447839254,383.2063664559517,18.88998928123482,0.3734321251871669,0.32327086779463554,1745.2664623734029,1361.3854470774904,0.0,0.0,124.23333333333333,5.272886622461485,0.11766460905349795,0.010412737408596984,,
gnn_topk10_selector_sage_candidate,25,hotspot,equal,0.0,0.0,152.55539395334907,4.28930830733417,4.8340910470020715,0.8010183990355763,33.38230152646585,7.458968872705252,0.0,0.0,25.0,0.0,0.07004115226337443,0.006704662338902466,19.184,0.3288525505450707
gnn_topk10_selector_sage_candidate,25,uniform,equal,0.0,0.0,160.47079925145707,6.392053939377586,4.951967745445351,1.24002502284414,35.49209978830308,10.775103807862289,0.0,0.0,25.0,0.0,0.020658436213991733,0.0003771667238646573,18.490666666666666,1.0762180695999006
gnn_topk10_selector_sage_candidate,50,hotspot,equal,0.0,0.0,244.02483192952067,2.4347884668440147,3.7075052554919705,0.4008501872860978,68.65627549861178,8.334479153285825,0.0,0.0,49.800000000000004,0.0999999999999952,0.1316460905349794,0.008454161376901893,18.959333333333333,0.1875348856435312
gnn_topk10_selector_sage_candidate,50,uniform,equal,0.0,0.0,304.6924441728767,6.847024550831733,3.5485157354286936,1.5504755704274265,109.83183950976236,51.81554389235441,0.0,0.0,50.0,0.0,0.0419753086419753,0.0021096305543993757,19.226666666666667,0.6117461347105788
gnn_topk10_selector_sage_candidate,75,hotspot,equal,0.002666666666666633,0.002309401076758503,325.07396925707224,3.446948124796428,1.574954791515915,0.4820859679344431,236.74598054599053,90.00758799066256,0.0,0.0,72.8,0.17320508075688096,0.18809327846364884,0.0071705777032329806,18.766222222222225,0.7965707985088573
gnn_topk10_selector_sage_candidate,75,uniform,equal,0.0,0.0,422.5719644385786,17.662794539394113,2.3643620523872078,1.5720362898534046,335.5100369248119,333.03362503678045,0.0,0.0,74.46666666666667,0.5033222956847163,0.061947873799725606,0.0024503169450125384,18.87111111111111,0.7241906849360549
gnn_topk10_selector_sage_candidate,100,hotspot,equal,0.022333333333333334,0.004509249752822896,381.7819799036479,5.509126075263992,1.7709354479725417,0.23412462572784257,223.93267107895477,35.704776785437495,0.0,0.0,92.33333333333333,1.0408329997330659,0.24695473251028807,0.007210958118322389,18.449,0.4344249072049157
gnn_topk10_selector_sage_candidate,100,uniform,equal,0.0,0.0,507.38104111680656,3.7618425208759927,0.6455214162946176,0.35537222865879636,1128.6887616491374,870.6639219245204,0.0,0.0,97.03333333333335,3.3501243758005943,0.08201646090534977,0.000249472338538711,19.620666666666665,0.3655001139990687
gnn_topk10_selector_sage_candidate,125,hotspot,equal,0.08879999999999999,0.01730664612222715,424.55735869542485,6.769079215380513,1.4896357704469134,0.47227678286861763,329.0291367577024,142.26608213472502,0.0,0.0,106.0,3.704051835490427,0.298880658436214,0.01184756438224302,17.307466666666667,0.24472983743984458
gnn_topk10_selector_sage_candidate,125,uniform,equal,0.0,0.0,552.9299615617587,9.781854740114435,1.7320102520218714,0.7010647478013139,379.24548385520666,116.38744840468574,0.0,0.0,106.2,6.6302337817003085,0.10475720164609054,0.0015351062955765156,19.753333333333334,0.27012332985755527
gnn_topk10_selector_sage_candidate,150,hotspot,equal,0.1442222222222222,0.010590002273283402,460.4272291831717,6.335552931593814,1.678716361897761,0.13557597269983837,283.33805721824,20.278052249412895,0.0,0.0,121.46666666666665,1.8502252115170543,0.3434430727023319,0.004952881907883338,16.372444444444444,0.40421244872431034
gnn_topk10_selector_sage_candidate,150,uniform,equal,0.00022222222222219998,0.000384900179459712,597.9489418319514,10.104059765584669,2.142042823634523,0.8044730328798202,331.46640863885744,144.907728018897,0.0,0.0,109.8,8.717797887081348,0.125679012345679,0.0014786209237219409,19.397333333333332,0.7322904706012049
gnn_topk10_selector_sage_candidate,200,hotspot,equal,0.24366666666666661,0.010299676370320306,521.2871062280499,1.8719192653517904,1.9004847137505323,0.3246289546631493,294.08282508452254,58.083216281170735,0.0,0.0,143.63333333333333,0.9073771725877636,0.40805555555555556,0.0037978015684792866,14.472666666666667,0.5515347526070625
gnn_topk10_selector_sage_candidate,200,uniform,equal,0.0003333333333333333,0.0002886751345948129,668.996159864832,14.073944265354427,2.0799997701974644,0.6691473658372495,380.6089473278103,163.22222045022158,0.0,0.0,120.06666666666668,18.28779192065935,0.1670164609053498,0.0016931293479152695,19.357499999999998,0.3451858195233388
greedy_z,25,hotspot,equal,0.0,0.0,147.89732901376632,2.7774256753278608,5.761807313054942,0.36604306968778855,25.720759220056124,1.2483915891609232,0.0,0.0,,,,,,
greedy_z,25,uniform,equal,0.0,0.0,160.985842655979,1.72514128571477,5.506944832097716,0.34962574968561294,29.324555320336756,2.162277660168385,0.0,0.0,,,,,,
greedy_z,50,hotspot,equal,0.0,0.0,231.65626381829904,13.740285932853253,3.4763469781006946,0.35654466192540807,67.41518440112253,11.438110368511278,0.0,0.0,,,,,,
greedy_z,50,uniform,equal,0.0,0.0,328.8647988655548,6.573811265217499,2.2617235245803524,0.24042803420457914,146.64175710308697,17.5257139853517,0.0,0.0,,,,,,
greedy_z,75,hotspot,equal,0.004444444444444433,0.007698003589194991,291.8507841388962,17.328303970024834,2.1504094034343946,0.24552117390197667,137.45172092851885,22.797348608645464,0.0,0.0,,,,,,
greedy_z,75,uniform,equal,0.0,0.0,447.8153212081704,7.920491191814746,1.7910964411957664,0.11956330313052085,250.9852929248269,21.624828560028583,0.0,0.0,,,,,,
greedy_z,100,hotspot,equal,0.07333333333333333,0.015275252316519466,348.7364894979784,18.8053809611849,1.4268221454562777,0.2949372221939469,254.37271881154967,72.53888562761867,0.0,0.0,,,,,,
greedy_z,100,uniform,equal,0.0,0.0,519.096344673429,3.1241626921940493,1.8889292830391462,0.1544066436121987,275.98529292482687,21.6248285600286,0.0,0.0,,,,,,
greedy_z,125,hotspot,equal,0.15466666666666665,0.01847520861406803,400.99476904606536,10.82468808619735,1.257564916297252,0.20862815133498938,326.4370138533457,68.45533284439638,0.0,0.0,,,,,,
greedy_z,125,uniform,equal,0.0,0.0,571.4907763764405,1.0334987620291423,1.9052614593599202,0.13645471368700948,300.98529292482687,21.624828560028547,0.0,0.0,,,,,,
greedy_z,150,hotspot,equal,0.24666666666666662,0.006666666666666654,423.42019627472433,3.581752790196071,1.282416424943315,0.22455096820438325,337.4911064067351,62.69997438568752,0.0,0.0,,,,,,
greedy_z,150,uniform,equal,0.0,0.0,615.9646559262815,5.265295637922041,1.8955573838745428,0.13598311291049262,325.98529292482687,21.62482856002859,0.0,0.0,,,,,,
greedy_z,200,hotspot,equal,0.36000000000000004,0.034999999999999976,464.42443097975746,10.878698477683406,1.3427791904451825,0.21870792818119653,352.4911064067351,61.40041227302379,0.0,0.0,,,,,,
greedy_z,200,uniform,equal,0.0,0.0,683.2844911373217,8.41401126833464,1.8149754104143325,0.11936134005884552,377.4268113649391,21.940045497548546,0.0,0.0,,,,,,
qlearning,25,hotspot,equal,0.07200000000000001,0.006928203230275506,157.22808656809863,5.034995168297598,0.25442144929647525,0.023289133458120947,671.8942864847445,69.98473831173368,0.0,0.0,,,,,,
qlearning,25,uniform,equal,0.052,0.010583005244258365,165.26258188850318,6.301818855425698,0.22472903648271492,0.058217761840292544,822.7214752089803,183.92800601042904,0.0,0.0,,,,,,
qlearning,50,hotspot,equal,0.15999999999999995,0.006000000000000005,225.63142416450532,5.056811014439631,0.20709511623647484,0.012040931892301578,1142.786436256374,61.931351577939914,0.0,0.0,,,,,,
qlearning,50,uniform,equal,0.11199999999999999,0.005999999999999995,266.45519341212986,3.4727862433065897,0.2174339210660917,0.03292677553895608,1294.2406250251972,197.84620162213932,0.0,0.0,,,,,,
qlearning,75,hotspot,equal,0.23955555555555552,0.00671096394246286,264.09890112026125,3.3687831063560343,0.1835909250788651,0.01971084297923135,1501.2063445424035,180.94919421866376,0.0,0.0,,,,,,
qlearning,75,uniform,equal,0.16133333333333333,0.01404753833713699,330.23384971423536,6.730225861729467,0.2023750847779017,0.026790113443588694,1743.1667010363774,168.0072088236186,0.0,0.0,,,,,,
qlearning,100,hotspot,equal,0.301,0.010148891565092228,290.9609715653914,6.026582370304903,0.15981054432313335,0.00989372504639489,1889.1982325350043,137.00151284248616,0.0,0.0,,,,,,
qlearning,100,uniform,equal,0.19833333333333333,0.0037859388972001874,375.8198088653862,3.3772789994051875,0.1866736994636823,0.010802295924065553,2060.3964806836243,119.71730677654182,0.0,0.0,,,,,,
qlearning,125,hotspot,equal,0.36106666666666665,0.011712102003198797,311.9301752790174,17.949800049387687,0.15783296017713358,0.005555103851861792,2034.5095283716319,87.3641784326469,0.0,0.0,,,,,,
qlearning,125,uniform,equal,0.2392,0.0069742383096650755,417.0891732993982,5.742005591449544,0.1774269919850446,0.013452835736803325,2463.4470157997075,173.674004975012,0.0,0.0,,,,,,
qlearning,150,hotspot,equal,0.4086666666666667,0.020986768318262947,332.25251419193586,14.092324006817393,0.15718513435742856,0.012383111466468246,2229.454488668782,170.97929550813677,0.0,0.0,,,,,,
qlearning,150,uniform,equal,0.2833333333333333,0.012858201014657332,438.1982982665881,10.449015533114787,0.1467963162983075,0.004692653416516218,3079.427161248224,123.1781472659256,0.0,0.0,,,,,,
qlearning,200,hotspot,equal,0.4898333333333333,0.007147260547463864,368.10495716445445,8.318272545124145,0.1581227364673979,0.0026432774199908393,2428.181203818287,43.686289890903126,0.0,0.0,,,,,,
qlearning,200,uniform,equal,0.35666666666666663,0.00718215380880513,474.16416054675784,8.490589464648398,0.15242238480470885,0.003917755031319313,3186.7388150793136,86.39955969944256,0.0,0.0,,,,,,
random,25,hotspot,equal,0.13333333333333333,0.08326663997864532,161.22782688052155,20.039611864321987,0.4653984711768131,0.23723689013276503,427.9691613742437,254.368068852556,0.0,0.0,,,,,,
random,25,uniform,equal,0.09333333333333334,0.023094010767585025,164.04517224713888,12.578627465606903,0.35505346000486204,0.060898976164794776,473.7162546332897,104.44541783648503,0.0,0.0,,,,,,
random,50,hotspot,equal,0.2333333333333333,0.04618802153517007,212.1893231167583,9.607478292126526,0.2753003574945205,0.08893601185166816,826.6854160075333,263.3720029864052,0.0,0.0,,,,,,
random,50,uniform,equal,0.26666666666666666,0.06429100507328639,218.18978614474983,22.83911909633229,0.32163507754032317,0.08438610455929173,726.8185106778919,280.8461717324873,0.0,0.0,,,,,,
random,75,hotspot,equal,0.2933333333333333,0.05811865258054235,247.76919448528076,3.5029283992844067,0.2196472765735397,0.05520362642791713,1174.4280046798128,278.47596865599536,0.0,0.0,,,,,,
random,75,uniform,equal,0.30666666666666664,0.06928203230275513,257.6330969120593,8.88945433120344,0.2337157890299424,0.05048883706395695,1147.5976358775677,316.8317874622298,0.0,0.0,,,,,,
random,100,hotspot,equal,0.3433333333333333,0.04509249752822896,284.7259459997627,8.384093930502546,0.2052077868141942,0.032932394350599005,1406.872372070745,182.98861216090555,0.0,0.0,,,,,,
random,100,uniform,equal,0.36000000000000004,0.039999999999999994,279.3241609088953,9.881702040800413,0.19689765385591215,0.04025578254210631,1461.8168550419457,317.1906739087475,0.0,0.0,,,,,,
random,125,hotspot,equal,0.424,0.04454211490264016,301.8548026853731,16.14930355650278,0.18492979284137015,0.02584517178025636,1646.4059440670533,164.26697403344193,0.0,0.0,,,,,,
random,125,uniform,equal,0.4266666666666667,0.04406056437828878,291.8133318081911,19.661859474306894,0.17182222642796977,0.021260027068556543,1714.5478167504082,220.70799268855035,0.0,0.0,,,,,,
random,150,hotspot,equal,0.45555555555555555,0.02775554665954847,322.52813839324534,5.378798948868798,0.18128433411057435,0.018065815102718118,1789.1822203159088,153.49273441386978,0.0,0.0,,,,,,
random,150,uniform,equal,0.46888888888888886,0.048227854253801584,305.5238045469284,20.720660598988328,0.16465350174712046,0.028177020507061938,1892.261222432878,335.4399706585125,0.0,0.0,,,,,,
random,200,hotspot,equal,0.5233333333333333,0.03617089069035116,355.66627595988604,19.076476533384046,0.17590753639216583,0.021375950426123762,2041.5622926650449,272.80011562678095,0.0,0.0,,,,,,
random,200,uniform,equal,0.5233333333333333,0.01607275126832158,336.7725276611769,16.90277797468454,0.16349337673108277,0.047685629663985776,2165.8678674839784,546.6597156893102,0.0,0.0,,,,,,
