algo,method,users,seed,traffic,weight_name,weights,weight_se,weight_ee,weight_blocking,blocking_rate,spectral_efficiency,energy_efficiency,total_power,total_power_w,qos_violations,episode_reward,epsilon,train_steps,loss,mean_q_value,invalid_action_rate,replay_buffer_size,served_users,blocked_users,objective,served_users_std,blocked_users_std,blocked_reject_action,blocked_reject_action_std,blocked_occupied_channel,blocked_occupied_channel_std,blocked_qos,blocked_qos_std,qos_violations_std,blocking_rate_std,spectral_efficiency_std,energy_efficiency_std,total_power_w_std,objective_std,episode_reward_std,mean_q_value_std,invalid_action_rate_std,candidate_steps,candidate_steps_std,sage_steps,sage_steps_std,hotspot_threshold,eval_episodes,candidate_min_users,candidate_min_remaining,candidate_min_peak_load,selector_reject_actions,selector_reject_actions_std,selector_margin,selector_margin_std,selector_tolerance,selector_evaluated_actions,selector_evaluated_actions_std,selector_top_k
dqn,dqn,25,0,hotspot,equal,equal,0.3333333333333333,0.3333333333333333,0.3333333333333333,0.008,85.98315363972351,0.68561390574097,126.2828482005762,126.2828482005762,0.0,21.6,0.0,2500,0.3606181442737579,11.999571533203126,0.0535802469135802,2500.0,24.8,0.2,0.4042237777712723,,,,,,,,,,,,,,,,,,,,,,,,,,,,,,,,,,
dqn,dqn,25,0,uniform,equal,equal,0.3333333333333333,0.3333333333333333,0.3333333333333333,0.032,82.24233083260276,0.348225756770847,236.52982212813475,236.52982212813475,0.0,21.5,0.0,2500,0.5518896778424581,15.544680755615236,0.0172839506172839,2500.0,24.2,0.8,0.3921692361293102,,,,,,,,,,,,,,,,,,,,,,,,,,,,,,,,,,
dqn,dqn,25,1,hotspot,equal,equal,0.3333333333333333,0.3333333333333333,0.3333333333333333,0.012,85.77196591753935,0.0624742982360117,1388.2,1388.2,0.0,20.6,0.0,2500,0.3341419622302055,11.407256858825685,0.0619753086419753,2500.0,24.7,0.3,0.4009835113152717,,,,,,,,,,,,,,,,,,,,,,,,,,,,,,,,,,
dqn,dqn,25,1,uniform,equal,equal,0.3333333333333333,0.3333333333333333,0.3333333333333333,0.044,82.19578833034761,1.090993172293609,123.8,123.8,0.0,20.8,0.0,2500,0.3900833775599797,12.1096697807312,0.0190123456790123,2500.0,23.9,1.1,0.3901936935316608,,,,,,,,,,,,,,,,,,,,,,,,,,,,,,,,,,
dqn,dqn,25,2,hotspot,equal,equal,0.3333333333333333,0.3333333333333333,0.3333333333333333,0.016,90.00179607213582,0.3473543378034288,273.94078308635363,273.94078308635363,0.0,21.0,0.0,2500,0.3706600715716679,13.237525241851808,0.0644444444444444,2500.0,24.6,0.4,0.4039663698873449,,,,,,,,,,,,,,,,,,,,,,,,,,,,,,,,,,
dqn,dqn,25,2,uniform,equal,equal,0.3333333333333333,0.3333333333333333,0.3333333333333333,0.048,79.3010434568887,0.2332038817804508,343.9629936490925,343.9629936490925,0.0,20.7,0.0,2500,0.4125129779179891,13.28092774963379,0.0192592592592592,2500.0,23.8,1.2,0.3840653247745751,,,,,,,,,,,,,,,,,,,,,,,,,,,,,,,,,,
dqn,dqn,50,0,hotspot,equal,equal,0.3333333333333333,0.3333333333333333,0.3333333333333333,0.076,150.78655126706244,0.3399607241686433,444.4050587633152,444.4050587633152,0.0,40.2,0.0,5000,0.2055826224386692,11.140141816139222,0.1112345679012345,5000.0,46.2,3.8,0.4345997947341315,,,,,,,,,,,,,,,,,,,,,,,,,,,,,,,,,,
dqn,dqn,50,0,uniform,equal,equal,0.3333333333333333,0.3333333333333333,0.3333333333333333,0.154,135.31765488928693,0.4736973794781808,289.9574381949934,289.9574381949934,0.0,39.4,0.0,5000,0.2475030918916066,12.805911695480347,0.0379012345679012,5000.0,42.3,7.7,0.3960805384618451,,,,,,,,,,,,,,,,,,,,,,,,,,,,,,,,,,
dqn,dqn,50,1,hotspot,equal,equal,0.3333333333333333,0.3333333333333333,0.3333333333333333,0.072,148.5204811845134,0.4568982407600002,327.9748786407183,327.9748786407183,0.0,40.7,0.0,5000,0.2483895663172006,11.517582531929015,0.1212345679012345,5000.0,46.4,3.6,0.4343695627669833,,,,,,,,,,,,,,,,,,,,,,,,,,,,,,,,,,
dqn,dqn,50,1,uniform,equal,equal,0.3333333333333333,0.3333333333333333,0.3333333333333333,0.1679999999999999,127.20427926879756,0.0568775656479881,2232.771887242357,2232.771887242357,0.0,38.7,0.0,5000,0.3196236304938793,13.596646415710447,0.0362962962962963,5000.0,41.6,8.4,0.3834948926285757,,,,,,,,,,,,,,,,,,,,,,,,,,,,,,,,,,
dqn,dqn,50,2,hotspot,equal,equal,0.3333333333333333,0.3333333333333333,0.3333333333333333,0.076,153.39497716639602,0.8040465147971879,191.2972972479401,191.2972972479401,0.0,40.9,0.0,5000,0.315593716998895,12.197581993103029,0.1214814814814814,5000.0,46.2,3.8,0.4380626101797665,,,,,,,,,,,,,,,,,,,,,,,,,,,,,,,,,,
dqn,dqn,50,2,uniform,equal,equal,0.3333333333333333,0.3333333333333333,0.3333333333333333,0.084,139.62147181012125,0.5751089484571473,243.78199351533016,243.78199351533016,0.0,40.8,0.0,5000,0.3940387902160485,14.038406002044676,0.0380246913580247,5000.0,45.8,4.2,0.4232820846985931,,,,,,,,,,,,,,,,,,,,,,,,,,,,,,,,,,
dqn,dqn,75,0,hotspot,equal,equal,0.3333333333333333,0.3333333333333333,0.3333333333333333,0.084,218.90207257156047,0.0787095302819729,2806.1700391755435,2806.1700391755435,0.0,61.7,0.0,7500,0.2082363098031944,10.799657490412391,0.1751440329218107,7500.0,68.7,6.3,0.4879703647270836,,,,,,,,,,,,,,,,,,,,,,,,,,,,,,,,,,
dqn,dqn,75,0,uniform,equal,equal,0.3333333333333333,0.3333333333333333,0.3333333333333333,0.1813333333333333,185.88440321284824,0.076454501849396,2440.817937136509,2440.817937136509,0.0,57.6,0.0,7500,0.2110547009441587,11.843373377482097,0.0550617283950617,7500.0,61.4,13.6,0.4280049318491774,,,,,,,,,,,,,,,,,,,,,,,,,,,,,,,,,,
dqn,dqn,75,1,hotspot,equal,equal,0.3333333333333333,0.3333333333333333,0.3333333333333333,0.1413333333333333,200.2462441172744,0.2789353640364765,720.0612261840968,720.0612261840968,0.0,56.8,0.0,7500,0.1811600091556708,10.395663726806642,0.1734156378600823,7500.0,64.4,10.6,0.4538689127756076,,,,,,,,,,,,,,,,,,,,,,,,,,,,,,,,,,
dqn,dqn,75,1,uniform,equal,equal,0.3333333333333333,0.3333333333333333,0.3333333333333333,0.2626666666666666,176.5385088523028,0.1147441195985785,1569.1692538384584,1569.1692538384584,0.0,51.1,0.0,7500,0.2354904421501689,13.276262035369871,0.0520987654320987,7500.0,55.3,19.7,0.3932119354869149,,,,,,,,,,,,,,,,,,,,,,,,,,,,,,,,,,
dqn,dqn,75,2,hotspot,equal,equal,0.3333333333333333,0.3333333333333333,0.3333333333333333,0.1106666666666666,210.2222699351561,0.2661152444699948,807.4683298050513,807.4683298050513,0.0,57.5,0.0,7500,0.223634327451388,10.733008010864255,0.1751440329218107,7500.0,66.7,8.3,0.4723688784028244,,,,,,,,,,,,,,,,,,,,,,,,,,,,,,,,,,
dqn,dqn,75,2,uniform,equal,equal,0.3333333333333333,0.3333333333333333,0.3333333333333333,0.2506666666666667,182.3784741621164,0.4088614238647984,448.7945251477192,448.7945251477192,0.0,53.4,0.0,7500,0.255902513447735,12.05424028778076,0.051275720164609,7500.0,56.2,18.8,0.4028955657569436,,,,,,,,,,,,,,,,,,,,,,,,,,,,,,,,,,
dqn,dqn,100,0,hotspot,equal,equal,0.3333333333333333,0.3333333333333333,0.3333333333333333,0.133,263.9187620560017,0.3266163922612891,809.6068374819681,809.6068374819681,0.0,75.7,0.0,10000,0.2068056526780128,11.083777297496798,0.2308024691358024,10000.0,86.7,13.3,0.5098395694696161,,,,,,,,,,,,,,,,,,,,,,,,,,,,,,,,,,
dqn,dqn,100,0,uniform,equal,equal,0.3333333333333333,0.3333333333333333,0.3333333333333333,0.265,227.1322933573332,0.1144082788159901,1989.0034880891449,1989.0034880891449,0.0,69.3,0.0,10000,0.2207828122377395,12.52863893032074,0.0691975308641975,10000.0,73.5,26.5,0.4345947119055998,,,,,,,,,,,,,,,,,,,,,,,,,,,,,,,,,,
dqn,dqn,100,1,hotspot,equal,equal,0.3333333333333333,0.3333333333333333,0.3333333333333333,0.136,260.0865855583048,0.49313007824571,529.7881956101924,529.7881956101924,0.0,78.0,0.0,10000,0.1694220924377441,10.337912817001342,0.2408641975308642,10000.0,86.4,13.6,0.5061086270714921,,,,,,,,,,,,,,,,,,,,,,,,,,,,,,,,,,
dqn,dqn,100,1,uniform,equal,equal,0.3333333333333333,0.3333333333333333,0.3333333333333333,0.263,231.26343318708385,0.0746022105546286,3104.0747737053675,3104.0747737053675,0.0,68.2,0.0,10000,0.1723374187946319,11.70567238998413,0.0711728395061728,10000.0,73.7,26.3,0.4385934226852216,,,,,,,,,,,,,,,,,,,,,,,,,,,,,,,,,,
dqn,dqn,100,2,hotspot,equal,equal,0.3333333333333333,0.3333333333333333,0.3333333333333333,0.202,250.50822447920936,0.1872807806555184,1344.8426424068248,1344.8426424068248,0.0,68.1,0.0,10000,0.183516745865345,10.48370226573944,0.2420987654320988,10000.0,79.8,20.2,0.4752770781233842,,,,,,,,,,,,,,,,,,,,,,,,,,,,,,,,,,
dqn,dqn,100,2,uniform,equal,equal,0.3333333333333333,0.3333333333333333,0.3333333333333333,0.2649999999999999,227.07756718095408,0.1371326918810904,1655.23612733213,1655.23612733213,0.0,69.2,0.0,10000,0.2039546537399292,12.257265247344971,0.0653086419753086,10000.0,73.5,26.5,0.4346122301282424,,,,,,,,,,,,,,,,,,,,,,,,,,,,,,,,,,
dqn,dqn,125,0,hotspot,equal,equal,0.3333333333333333,0.3333333333333333,0.3333333333333333,0.284,269.7093296456515,0.0945685913028391,2882.1222799109,2882.1222799109,0.0,80.9,0.0,12500,0.1617975869486408,9.140792528915409,0.2790123456790123,10000.0,89.5,35.5,0.463687131902773,,,,,,,,,,,,,,,,,,,,,,,,,,,,,,,,,,
dqn,dqn,125,0,uniform,equal,equal,0.3333333333333333,0.3333333333333333,0.3333333333333333,0.3047999999999999,266.3174287811433,0.2602979707732704,1027.7722677441338,1027.7722677441338,0.0,83.0,0.0,12500,0.1695938095931083,11.414898912811278,0.0817283950617284,10000.0,86.9,38.1,0.4543875739031007,,,,,,,,,,,,,,,,,,,,,,,,,,,,,,,,,,
dqn,dqn,125,1,hotspot,equal,equal,0.3333333333333333,0.3333333333333333,0.3333333333333333,0.34,272.46858541069787,0.2723628304902051,1011.8103255711128,1011.8103255711128,0.0,75.1,0.0,12500,0.1775133838095972,9.647608064460757,0.2342716049382716,10000.0,82.5,42.5,0.4478137179269432,,,,,,,,,,,,,,,,,,,,,,,,,,,,,,,,,,
dqn,dqn,125,1,uniform,equal,equal,0.3333333333333333,0.3333333333333333,0.3333333333333333,0.3832,250.2404410268825,0.1381555079736744,1996.925271309261,1996.925271309261,0.0,72.5,0.0,12500,0.2026827248834794,12.004459651184082,0.0780246913580247,10000.0,77.1,47.9,0.4145174661556622,,,,,,,,,,,,,,,,,,,,,,,,,,,,,,,,,,
dqn,dqn,125,2,hotspot,equal,equal,0.3333333333333333,0.3333333333333333,0.3333333333333333,0.268,270.78060064829526,0.1983576943152865,1378.9461417496273,1378.9461417496273,0.0,81.4,0.0,12500,0.1570562366997042,9.96568403301239,0.2976296296296296,10000.0,91.5,33.5,0.4702014941355664,,,,,,,,,,,,,,,,,,,,,,,,,,,,,,,,,,
dqn,dqn,125,2,uniform,equal,equal,0.3333333333333333,0.3333333333333333,0.3333333333333333,0.3288,269.69352284075546,0.1218575639186797,2228.8391543176795,2228.8391543176795,0.0,80.5,0.0,12500,0.158676178945649,11.443970401763917,0.0772345679012345,10000.0,83.9,41.1,0.4488164289337369,,,,,,,,,,,,,,,,,,,,,,,,,,,,,,,,,,
dqn,dqn,150,0,hotspot,equal,equal,0.3333333333333333,0.3333333333333333,0.3333333333333333,0.254,320.9150360068839,0.168886590483398,1934.943566440232,1934.943566440232,0.0,104.3,0.0,15000,0.1342971580656799,8.368075029055278,0.3366666666666665,10000.0,111.9,38.1,0.5165649927570792,,,,,,,,,,,,,,,,,,,,,,,,,,,,,,,,,,
dqn,dqn,150,0,uniform,equal,equal,0.3333333333333333,0.3333333333333333,0.3333333333333333,0.3193333333333333,319.3820144974047,0.1441130042325206,2238.800646640764,2238.800646640764,0.0,97.4,0.0,15000,0.1597043628225455,10.957246137619018,0.0947325102880658,10000.0,102.1,47.9,0.493440881537372,,,,,,,,,,,,,,,,,,,,,,,,,,,,,,,,,,
dqn,dqn,150,1,hotspot,equal,equal,0.3333333333333333,0.3333333333333333,0.3333333333333333,0.4113333333333333,268.57250233385673,0.4691183880232576,576.9641369806396,576.9641369806396,0.0,82.2,0.0,15000,0.1542574189401961,8.505686118602753,0.3222633744855966,10000.0,88.3,61.7,0.4213357474671674,,,,,,,,,,,,,,,,,,,,,,,,,,,,,,,,,,
dqn,dqn,150,1,uniform,equal,equal,0.3333333333333333,0.3333333333333333,0.3333333333333333,0.2853333333333333,327.59224160988094,0.0826477242482593,3969.8117688026177,3969.8117688026177,0.0,100.7,0.0,15000,0.1792718429823179,11.05971251487732,0.1052674897119341,10000.0,107.2,42.8,0.5114453339089237,,,,,,,,,,,,,,,,,,,,,,,,,,,,,,,,,,
dqn,dqn,150,2,hotspot,equal,equal,0.3333333333333333,0.3333333333333333,0.3333333333333333,0.372,292.9148347293346,0.1174579314911151,2506.5437969920285,2506.5437969920285,0.0,83.2,0.0,15000,0.1529395981012164,8.581782093048096,0.3137860082304526,10000.0,94.2,55.8,0.4537553009730319,,,,,,,,,,,,,,,,,,,,,,,,,,,,,,,,,,
dqn,dqn,150,2,uniform,equal,equal,0.3333333333333333,0.3333333333333333,0.3333333333333333,0.3393333333333334,312.4946780394061,0.1000314507800103,3140.3682023623865,3140.3682023623865,0.0,94.1,0.0,15000,0.202784408185933,11.662299028396609,0.0898765432098765,10000.0,99.1,50.9,0.4809123190627828,,,,,,,,,,,,,,,,,,,,,,,,,,,,,,,,,,
dqn,dqn,200,0,hotspot,equal,equal,0.3333333333333333,0.3333333333333333,0.3333333333333333,0.408,334.6735362108774,0.538491195976401,623.5523906853357,623.5523906853357,0.0,110.2,0.0,20000,0.1303810112178325,7.442773388624191,0.3978395061728395,10000.0,118.4,81.6,0.47772375572011,,,,,,,,,,,,,,,,,,,,,,,,,,,,,,,,,,
dqn,dqn,200,0,uniform,equal,equal,0.3333333333333333,0.3333333333333333,0.3333333333333333,0.3435,377.86998550202895,0.1187322163915307,3201.315731075233,3201.315731075233,0.0,124.8,0.0,20000,0.1552327598631382,10.784659224510191,0.1202469135802469,10000.0,131.3,68.7,0.533513775840793,,,,,,,,,,,,,,,,,,,,,,,,,,,,,,,,,,
dqn,dqn,200,1,hotspot,equal,equal,0.3333333333333333,0.3333333333333333,0.3333333333333333,0.4439999999999999,322.6886558515004,0.3278056480161532,987.9509699611448,987.9509699611448,0.0,101.4,0.0,20000,0.1369998547434806,7.471426271259783,0.3795061728395061,10000.0,111.2,88.8,0.4551511177874062,,,,,,,,,,,,,,,,,,,,,,,,,,,,,,,,,,
dqn,dqn,200,1,uniform,equal,equal,0.3333333333333333,0.3333333333333333,0.3333333333333333,0.327,404.1905055510198,0.2644559885384869,1530.3799486576906,1530.3799486576906,0.0,129.2,0.0,20000,0.1549532607197761,10.061243443489074,0.1265432098765432,10000.0,134.6,65.4,0.5454334460363962,,,,,,,,,,,,,,,,,,,,,,,,,,,,,,,,,,
dqn,dqn,200,2,hotspot,equal,equal,0.3333333333333333,0.3333333333333333,0.3333333333333333,0.45,315.10321712809247,0.1338577896939465,2412.4874796212684,2412.4874796212684,0.0,101.2,0.0,20000,0.1461545966565609,7.114844522416592,0.3818518518518519,10000.0,110.0,90.0,0.4462911748003379,,,,,,,,,,,,,,,,,,,,,,,,,,,,,,,,,,
dqn,dqn,200,2,uniform,equal,equal,0.3333333333333333,0.3333333333333333,0.3333333333333333,0.39,367.5586083148064,0.737108170631483,504.1037073872852,504.1037073872852,0.0,118.7,0.0,20000,0.1671353857219219,10.776461799860002,0.1062037037037037,10000.0,122.0,78.0,0.5083432939868635,,,,,,,,,,,,,,,,,,,,,,,,,,,,,,,,,,
gnn_topk10_selector_sage_candidate,gnn_topk10_selector_sage_candidate,25,0,hotspot,equal,equal,0.3333333333333333,0.3333333333333333,0.3333333333333333,0.0,148.24745468815354,5.252097318573564,28.529822128134704,28.529822128134704,0.0,25.0,0.0,0,,,0.0777777777777777,,25.0,0.0,0.4714620381250545,0.0,0.0,0.0,0.0,0.0,0.0,0.0,0.0,0.0,0.0,5.151271681856299,0.5562838743367085,3.3806604047892987,0.0044497067409713,0.0,,0.0247803608515631,14.9,2.0789954839350235,10.1,2.0789954839350235,,10.0,,,,0.0,0.0,0.0005307140441588,0.0002556572581141,0.0,19.436,0.1352528496311018,10.0
gnn_topk10_selector_sage_candidate,gnn_topk10_selector_sage_candidate,25,0,uniform,equal,equal,0.3333333333333333,0.3333333333333333,0.3333333333333333,0.0,167.77425093909883,3.662704789420199,46.86270500279138,46.86270500279138,0.0,25.0,0.0,0,,,0.0202469135802469,,25.0,0.0,0.4833193890865273,0.0,0.0,0.0,0.0,0.0,0.0,0.0,0.0,0.0,0.0,3.2590048532546168,0.559363999226308,7.78362483672469,0.0014358787429109,0.0,,0.0047708236201446,10.8,1.2292725943057183,14.2,1.2292725943057183,,10.0,,,,0.0,0.0,-3.41723945500374e-05,0.0001083034742895,0.0,17.971999999999998,0.0778602737101675,10.0
gnn_topk10_selector_sage_candidate,gnn_topk10_selector_sage_candidate,25,1,hotspot,equal,equal,0.3333333333333333,0.3333333333333333,0.3333333333333333,0.0,156.82582530799755,3.910536623141989,41.97103255711131,41.97103255711131,0.0,25.0,0.0,0,,,0.0659259259259259,,25.0,0.0,0.4748841228209478,0.0,0.0,0.0,0.0,0.0,0.0,0.0,0.0,0.0,0.0,9.669464019930729,0.6760885274371792,12.195290156222075,0.0073939876236275,0.0,,0.0313849079541352,12.9,1.1972189997378646,12.1,1.1972189997378646,,10.0,,,,0.0,0.0,0.000197432029286,0.0002173369534492,0.0,19.304,0.1069994807879408,10.0
gnn_topk10_selector_sage_candidate,gnn_topk10_selector_sage_candidate,25,1,uniform,equal,equal,0.3333333333333333,0.3333333333333333,0.3333333333333333,0.0,155.89546707990533,6.136055273517221,25.432455532033675,25.432455532033675,0.0,25.0,0.0,0,,,0.0207407407407407,,25.0,0.0,0.48029082054858,0.0,0.0,0.0,0.0,0.0,0.0,0.0,0.0,0.0,0.0,1.8040997824180685,0.2066819980700925,0.911696311977549,0.0016743404627168,0.0,,0.0062897031027301,14.6,1.2649110640673518,10.4,1.2649110640673518,,10.0,,,,0.0,0.0,0.000280416762367,0.0001032104485741,0.0,17.772,0.0943751379689935,10.0
gnn_topk10_selector_sage_candidate,gnn_topk10_selector_sage_candidate,25,2,hotspot,equal,equal,0.3333333333333333,0.3333333333333333,0.3333333333333333,0.0,152.5929018638961,5.33963919929066,29.646049894151545,29.646049894151545,0.0,25.0,0.0,0,,,0.0664197530864197,,25.0,0.0,0.4753264159957207,0.0,0.0,0.0,0.0,0.0,0.0,0.0,0.0,0.0,0.0,5.595047162774937,0.8985429724674878,7.174257629267866,0.0039344025379382,0.0,,0.0196309668169614,14.7,1.766981104093143,10.3,1.766981104093143,,10.0,,,,0.0,0.0,0.0004418535695681,0.0003108055153183,0.0,18.812,0.1347260595100704,10.0
gnn_topk10_selector_sage_candidate,gnn_topk10_selector_sage_candidate,25,2,uniform,equal,equal,0.3333333333333333,0.3333333333333333,0.3333333333333333,0.0,157.74267973536703,5.057143173398631,34.18113883008419,34.18113883008419,0.0,25.0,0.0,0,,,0.0209876543209876,,25.0,0.0,0.4788331863722465,0.0,0.0,0.0,0.0,0.0,0.0,0.0,0.0,0.0,0.0,5.188550137960894,1.3326663760939848,12.982090673478538,0.0015989266305558,0.0,,0.006076058872524,16.1,1.7919573407620817,8.9,1.7919573407620817,,10.0,,,,0.0,0.0,0.0003911945908445,0.0001900144747375,0.0,19.728,0.1011928851253881,10.0
gnn_topk10_selector_sage_candidate,gnn_topk10_selector_sage_candidate,50,0,hotspot,equal,equal,0.3333333333333333,0.3333333333333333,0.3333333333333333,0.0,241.34512913301623,3.745393874897312,65.73814968245463,65.73814968245463,0.0,49.9,0.0,0,,,0.1406172839506173,,50.0,0.0,0.5448581461522283,0.0,0.0,0.0,0.0,0.0,0.0,0.0,0.0,0.0,0.0,10.73853699499212,0.5737253516486751,10.06770514569457,0.0096091095878859,0.3162277660168379,,0.0310499213178733,35.4,2.7568097504180447,14.6,2.7568097504180447,,10.0,,,,0.0,0.0,0.0008263746004902,0.0002578504671235,0.0,19.016,0.2015054451980005,10.0
gnn_topk10_selector_sage_candidate,gnn_topk10_selector_sage_candidate,50,0,uniform,equal,equal,0.3333333333333333,0.3333333333333333,0.3333333333333333,0.0,303.88302226880995,3.099962759980905,112.56662043455938,112.56662043455938,0.0,50.0,0.0,0,,,0.0397530864197531,,50.0,0.0,0.595180192890622,0.0,0.0,0.0,0.0,0.0,0.0,0.0,0.0,0.0,0.0,12.005648511723258,1.1951730404583016,43.55876807713322,0.007772374520374,0.0,,0.0062897031027301,27.7,2.9458068127047605,22.3,2.9458068127047605,,10.0,,,,0.0,0.0,0.0001829150214587,0.0001715491394191,0.0,19.04,0.0748331477354786,10.0
gnn_topk10_selector_sage_candidate,gnn_topk10_selector_sage_candidate,50,1,hotspot,equal,equal,0.3333333333333333,0.3333333333333333,0.3333333333333333,0.0,244.62807653301653,4.088065904503166,62.17323861838727,62.17323861838727,0.0,49.8,0.0,0,,,0.1238271604938271,,50.0,0.0,0.5485458024011336,0.0,0.0,0.0,0.0,0.0,0.0,0.0,0.0,0.0,0.0,14.127248131093324,0.7476022503996143,14.898155147297947,0.0120584285350937,0.4216370213557839,,0.0341838850025783,28.4,2.7968235951204043,21.6,2.7968235951204043,,10.0,,,,0.0,0.0,0.0004100971426673,0.0001207677993894,0.0,18.750000000000004,0.1897952112731567,10.0
gnn_topk10_selector_sage_candidate,gnn_topk10_selector_sage_candidate,50,1,uniform,equal,equal,0.3333333333333333,0.3333333333333333,0.3333333333333333,0.0,298.2861073101018,5.273816761811085,56.70306074652198,56.70306074652198,0.0,50.0,0.0,0,,,0.0422222222222222,,50.0,0.0,0.5965545804301156,0.0,0.0,0.0,0.0,0.0,0.0,0.0,0.0,0.0,0.0,9.322560298068383,0.3147337093966438,3.133438020336897,0.0080771782540504,0.0,,0.0092715967187746,34.1,1.9692073983655909,15.9,1.9692073983655909,,10.0,,,,0.0,0.0,0.0004309774091133,0.0001119907347515,0.0,18.73,0.1020892855407576,10.0
gnn_topk10_selector_sage_candidate,gnn_topk10_selector_sage_candidate,50,2,hotspot,equal,equal,0.3333333333333333,0.3333333333333333,0.3333333333333333,0.0,246.1012901225293,3.2890559870754346,78.05743819499344,78.05743819499344,0.0,49.7,0.0,0,,,0.1304938271604938,,50.0,0.0,0.5475540083995394,0.0,0.0,0.0,0.0,0.0,0.0,0.0,0.0,0.0,0.0,14.041596455276569,0.637738593914836,19.39416010581216,0.0112160346244321,0.9486832980505138,,0.0208950591956362,29.8,2.250925735484551,20.2,2.250925735484551,,10.0,,,,0.0,0.0,0.0003684594997279,0.000134203906424,0.0,19.112,0.0885437744847139,10.0
gnn_topk10_selector_sage_candidate,gnn_topk10_selector_sage_candidate,50,2,uniform,equal,equal,0.3333333333333333,0.3333333333333333,0.3333333333333333,0.0,311.9082029397184,2.271767684494091,160.22583734820574,160.22583734820574,0.0,50.0,0.0,0,,,0.0439506172839506,,50.0,0.0,0.5995673015733599,0.0,0.0,0.0,0.0,0.0,0.0,0.0,0.0,0.0,0.0,7.838420193527259,0.809583140341577,79.15255006520029,0.0052349945622287,0.0,,0.0054345922697017,28.0,2.449489742783178,22.0,2.449489742783178,,10.0,,,,0.0,0.0,0.0001308081110617,0.000146126865393,0.0,19.91,0.0634209919681352,10.0
gnn_topk10_selector_sage_candidate,gnn_topk10_selector_sage_candidate,75,0,hotspot,equal,equal,0.3333333333333333,0.3333333333333333,0.3333333333333333,0.0013333333333333,321.1817077557818,2.040358705094869,162.87715405015524,162.87715405015524,0.0,73.0,0.0,0,,,0.1962139917695473,,74.9,0.1,0.6062079750884151,0.3162277660168379,0.3162277660168379,0.1,0.3162277660168379,0.0,0.0,0.0,0.0,0.0,0.0042163702135578,21.900600766171607,0.3200399969202476,39.20128519599572,0.0179448695653933,1.8257418583505536,,0.0335248833084789,44.3,3.2676869155073254,30.7,3.2676869155073254,,10.0,,,,0.1,0.3162277660168379,0.0003978237509909,0.0001309640791361,0.0,19.288,0.2627264455382921,10.0
gnn_topk10_selector_sage_candidate,gnn_topk10_selector_sage_candidate,75,0,uniform,equal,equal,0.3333333333333333,0.3333333333333333,0.3333333333333333,0.0,407.05087288064937,3.72639114021722,115.02583734820578,115.02583734820578,0.0,74.0,0.0,0,,,0.0604115226337448,,75.0,0.0,0.6768530862935613,0.0,0.0,0.0,0.0,0.0,0.0,0.0,0.0,0.0,0.0,6.418692616468085,0.7754942839028466,32.21638423465897,0.00196536622754,1.0540925533894598,,0.0062825189734836,47.4,4.325634186002223,27.6,4.325634186002223,,10.0,,,,0.0,0.0,0.0004324579399756,0.0001399887387148,0.0,18.12133333333333,0.1455784545176695,10.0
gnn_topk10_selector_sage_candidate,gnn_topk10_selector_sage_candidate,75,1,hotspot,equal,equal,0.3333333333333333,0.3333333333333333,0.3333333333333333,0.0053333333333333,326.2995608490197,1.6067453268662604,210.36441437328327,210.36441437328327,0.0,72.7,0.0,0,,,0.1826337448559671,,74.6,0.4,0.6079350377265894,1.2649110640673515,1.2649110640673518,0.4,1.2649110640673518,0.0,0.0,0.0,0.0,0.0,0.0168654808542313,19.890479052191985,0.2949265285940068,45.21118206725552,0.0188492846870136,2.1628170930011112,,0.0385543976808473,35.1,2.5144029554194813,39.9,2.5144029554194813,,10.0,,,,0.4,1.2649110640673518,0.0001023687377315,8.543980525716541e-05,0.0,17.849333333333334,0.4999180179703046,10.0
gnn_topk10_selector_sage_candidate,gnn_topk10_selector_sage_candidate,75,1,uniform,equal,equal,0.3333333333333333,0.3333333333333333,0.3333333333333333,0.0,441.7909611852192,0.6441383526499649,718.6100369248119,718.6100369248119,0.0,75.0,0.0,0,,,0.0647736625514403,,75.0,0.0,0.6684559398684721,0.0,0.0,0.0,0.0,0.0,0.0,0.0,0.0,0.0,0.0,14.648031896836818,0.14865950506744,163.26774698176217,0.0004129430696317,0.0,,0.009777355931036,41.3,3.267686915507326,33.7,3.267686915507326,,10.0,,,,0.0,0.0,-6.38629533904557e-05,0.0001365344567011,0.0,19.56666666666667,0.0680595236938383,10.0
gnn_topk10_selector_sage_candidate,gnn_topk10_selector_sage_candidate,75,2,hotspot,equal,equal,0.3333333333333333,0.3333333333333333,0.3333333333333333,0.0013333333333333,327.7406391664152,1.0777603425866156,336.9963732145331,336.9963732145331,0.0,72.7,0.0,0,,,0.1854320987654321,,74.9,0.1,0.6089998669236422,0.3162277660168379,0.3162277660168379,0.0,0.0,0.0,0.0,0.1,0.3162277660168379,0.0,0.0042163702135578,16.276851186967633,0.3688391899935541,111.85039805068656,0.0135005851270061,1.946506842754191,,0.0185831317028055,39.9,3.3149493041204856,35.1,3.3149493041204856,,10.0,,,,0.0,0.0,0.000158439485069,0.0001098702042823,0.0,19.16133333333334,0.1140846555938851,10.0
gnn_topk10_selector_sage_candidate,gnn_topk10_selector_sage_candidate,75,2,uniform,equal,equal,0.3333333333333333,0.3333333333333333,0.3333333333333333,0.0,418.87405924986734,2.722556664294438,172.8942365014181,172.8942365014181,0.0,74.4,0.0,0,,,0.0606584362139917,,75.0,0.0,0.6737972824431514,0.0,0.0,0.0,0.0,0.0,0.0,0.0,0.0,0.0,0.0,15.215312904535374,0.7570374189157878,79.53557442104459,0.0020705545193415,0.8432740427115678,,0.0060487450245403,37.9,3.348299734359383,37.1,3.348299734359383,,10.0,,,,0.0,0.0,1.9588428131540527e-05,8.676529154817086e-05,0.0,18.92533333333333,0.0650773518852376,10.0
gnn_topk10_selector_sage_candidate,gnn_topk10_selector_sage_candidate,100,0,hotspot,equal,equal,0.3333333333333333,0.3333333333333333,0.3333333333333333,0.027,383.0673890837333,1.9571578014706188,198.58370288582225,198.58370288582225,0.0,91.5,0.0,0,,,0.2527777777777778,,97.3,2.7,0.6477964805567369,2.7908580918579307,2.7908580918579307,2.5,2.9154759474226504,0.0,0.0,0.2,0.4216370213557839,0.0,0.0279085809185793,21.901731345621645,0.2394011926787615,28.903481754155223,0.0226497058559066,3.8369548110737792,,0.0336559729754856,61.0,7.52772652709081,39.0,7.52772652709081,,10.0,,,,2.5,2.9154759474226504,0.0004971216928966,0.0001546593442722,0.0,18.234,0.6641151171964758,10.0
gnn_topk10_selector_sage_candidate,gnn_topk10_selector_sage_candidate,100,0,uniform,equal,equal,0.3333333333333333,0.3333333333333333,0.3333333333333333,0.0,511.0992376446205,0.7866538971820487,679.0879763120522,679.0879763120522,0.0,98.5,0.0,0,,,0.0819753086419753,,100.0,0.0,0.6688518163810613,0.0,0.0,0.0,0.0,0.0,0.0,0.0,0.0,0.0,0.0,11.237463332615546,0.171060817189126,154.63586249001116,0.0004751689366364,1.6499158227686108,,0.0076812659063836,67.3,2.1628170930011112,32.7,2.1628170930011112,,10.0,,,,0.0,0.0,0.0001566225404933,0.0001204074632972,0.0,20.031,0.0513051870888531,10.0
gnn_topk10_selector_sage_candidate,gnn_topk10_selector_sage_candidate,100,1,hotspot,equal,equal,0.3333333333333333,0.3333333333333333,0.3333333333333333,0.022,386.53476069890354,1.5081031273862362,264.7656964011524,264.7656964011524,0.0,93.5,0.0,0,,,0.2388888888888889,,97.8,2.2,0.6507779191247238,2.6997942308422123,2.699794230842212,1.3,2.263232692902394,0.0,0.0,0.9,2.183269719175042,0.0,0.0269979423084221,19.487656964108503,0.2979674557148346,48.46631776818817,0.0225053756344311,3.171049598406741,,0.0345605518348389,62.6,3.921450978627397,37.4,3.921450978627397,,10.0,,,,1.3,2.263232692902394,0.0006728293255546,8.855362041322228e-05,0.0,18.949,0.5804490598761541,10.0
gnn_topk10_selector_sage_candidate,gnn_topk10_selector_sage_candidate,100,1,uniform,equal,equal,0.3333333333333333,0.3333333333333333,0.3333333333333333,0.0,503.5770212382105,0.908647606137894,574.7401476992477,574.7401476992477,0.0,99.4,0.0,0,,,0.0822839506172839,,100.0,0.0,0.6691906877948275,0.0,0.0,0.0,0.0,0.0,0.0,0.0,0.0,0.0,0.0,13.134777514655616,0.1719157325373412,124.413849106838,0.0004775437014926,0.6992058987801011,,0.0080433991073522,68.8,3.190262963734773,31.2,3.190262963734773,,10.0,,,,0.0,0.0,0.0002253615456497,8.573014572055594e-05,0.0,19.501,0.0699920630420966,10.0
gnn_topk10_selector_sage_candidate,gnn_topk10_selector_sage_candidate,100,2,hotspot,equal,equal,0.3333333333333333,0.3333333333333333,0.3333333333333333,0.018,375.7437899283069,1.84754541506077,208.4486139498896,208.4486139498896,0.0,92.0,0.0,0,,,0.2491975308641975,,98.2,1.8,0.6449432302342518,1.229272594305718,1.2292725943057183,1.3,1.4181364924121764,0.0,0.0,0.5,0.97182531580755,0.0,0.0122927259430571,25.555411399226664,0.2959564298370289,39.28382668780595,0.0230818036685883,3.126943839882286,,0.0347316935718147,54.7,3.529242915351047,45.3,3.529242915351047,,10.0,,,,1.3,1.4181364924121764,0.000318614021771,0.0001250599468798,0.0,18.164,0.5263121169462519,10.0
gnn_topk10_selector_sage_candidate,gnn_topk10_selector_sage_candidate,100,2,uniform,equal,equal,0.3333333333333333,0.3333333333333333,0.3333333333333333,0.0,507.4668644675888,0.24126274556391,2132.238160936112,2132.238160936112,0.0,93.2,0.0,0,,,0.0817901234567901,,100.0,0.0,0.6673368409598996,0.0,0.0,0.0,0.0,0.0,0.0,0.0,0.0,0.0,0.0,16.869495057027468,0.0315766987019077,256.0913589302646,8.771305194977211e-05,1.8737959096740264,,0.0039391336870528,48.2,4.077035960378842,51.8,4.077035960378842,,10.0,,,,0.0,0.0,-0.0004188030941891,9.340319703524752e-05,0.0,19.33,0.1134313301811566,10.0
gnn_topk10_selector_sage_candidate,gnn_topk10_selector_sage_candidate,125,0,hotspot,equal,equal,0.3333333333333333,0.3333333333333333,0.3333333333333333,0.0936,416.9551827229396,1.7567028961556694,248.5143796992029,248.5143796992029,0.0,107.4,0.0,0,,,0.3120493827160494,,113.3,11.7,0.6379279013422153,4.547282460742656,4.547282460742655,7.5,3.92286743197994,0.0,0.0,4.2,5.493430419854044,0.0,0.0363782596859412,22.747674388911104,0.3414306961775758,69.28880791102016,0.0166957884568071,4.971027168615266,,0.0392083769274375,63.4,6.275171533733382,61.6,6.275171533733382,,10.0,,,,7.5,3.92286743197994,0.000313977263211,8.711753011567618e-05,0.0,17.559199999999997,0.6076659901257888,10.0
gnn_topk10_selector_sage_candidate,gnn_topk10_selector_sage_candidate,125,0,uniform,equal,equal,0.3333333333333333,0.3333333333333333,0.3333333333333333,0.0,559.1530499295607,1.304034589414642,460.36249695830855,460.36249695830855,0.0,111.6,0.0,0,,,0.1037037037037037,,125.0,0.0,0.6702889849705962,0.0,0.0,0.0,0.0,0.0,0.0,0.0,0.0,0.0,0.0,8.671830431456856,0.3581622483723801,134.46848307330117,0.0009948951343676,6.095535707019979,,0.0105683627452013,75.1,3.3482997343593826,49.9,3.348299734359383,,10.0,,,,0.0,0.0,-6.128390553386068e-05,8.943041534707285e-05,0.0,19.6352,0.0918510872130658,10.0
gnn_topk10_selector_sage_candidate,gnn_topk10_selector_sage_candidate,125,1,hotspot,equal,equal,0.3333333333333333,0.3333333333333333,0.3333333333333333,0.0696,426.7850351694995,1.767868794885603,245.2797874540542,245.2797874540542,0.0,108.8,0.0,0,,,0.2890864197530864,,116.3,8.7,0.6479883999433301,5.1001089312985375,5.1001089312985375,5.2,4.3410188256265885,0.0,0.0,3.5,2.173067468400883,0.0,0.0408008714503883,18.833708632636217,0.2437501481217538,33.50752142700071,0.0142194588497599,6.178816859057871,,0.0402227198861713,60.8,6.988880056521534,64.2,6.988880056521534,,10.0,,,,5.2,4.3410188256265885,0.000205198184261,7.535903213332505e-05,0.0,17.0704,0.7564013044233415,10.0
gnn_topk10_selector_sage_candidate,gnn_topk10_selector_sage_candidate,125,1,uniform,equal,equal,0.3333333333333333,0.3333333333333333,0.3333333333333333,0.0,557.981723113379,2.5410774097783944,245.89117575489607,245.89117575489607,0.0,98.8,0.0,0,,,0.1065185185185185,,125.0,0.0,0.6737252150271622,0.0,0.0,0.0,0.0,0.0,0.0,0.0,0.0,0.0,0.0,14.037314351564866,0.8565039515189542,91.5750607196841,0.0023791776431082,10.643725329455329,,0.0106933821822925,93.3,6.000925854492047,31.7,6.000925854492047,,10.0,,,,0.0,0.0,0.0002968499391006,9.036586185130038e-05,0.0,20.062400000000004,0.0998345297646724,10.0
gnn_topk10_selector_sage_candidate,gnn_topk10_selector_sage_candidate,125,2,hotspot,equal,equal,0.3333333333333333,0.3333333333333333,0.3333333333333333,0.1032,429.93185819383535,0.9443356202994684,493.2932431198501,493.2932431198501,0.0,101.8,0.0,0,,,0.2955061728395062,,112.1,12.9,0.6329046070277332,4.532597979574677,4.532597979574677,0.8,1.7511900715418265,0.0,0.0,12.1,3.348299734359383,0.0,0.0362607838365974,21.783113457174377,0.2397462727654565,173.90550197630677,0.0174528718511277,6.069962474714687,,0.0413743472489031,43.5,5.441609239104836,81.5,5.441609239104836,,10.0,,,,0.8,1.7511900715418265,-0.0003318663889647,0.0001179685448997,0.0,17.2928,0.6630322264666578,10.0
gnn_topk10_selector_sage_candidate,gnn_topk10_selector_sage_candidate,125,2,uniform,equal,equal,0.3333333333333333,0.3333333333333333,0.3333333333333333,0.0,541.6551116423365,1.3509187568725778,431.4827788524153,431.4827788524153,0.0,108.2,0.0,0,,,0.1040493827160494,,125.0,0.0,0.6704192187690905,0.0,0.0,0.0,0.0,0.0,0.0,0.0,0.0,0.0,0.0,13.488366056427806,0.3797657953134986,124.38670470680758,0.0010549049869819,6.629898608240971,,0.0059762381800315,81.3,4.762119042797837,43.7,4.762119042797837,,10.0,,,,0.0,0.0,4.788379719576344e-05,8.209262349459322e-05,0.0,19.562400000000004,0.0768305494795749,10.0
gnn_topk10_selector_sage_candidate,gnn_topk10_selector_sage_candidate,150,0,hotspot,equal,equal,0.3333333333333333,0.3333333333333333,0.3333333333333333,0.15,454.97324457672175,1.729215338867553,274.7121736379269,274.7121736379269,0.0,120.5,0.0,0,,,0.3486008230452674,,127.5,22.5,0.6214700426079653,6.041522986797286,6.041522986797286,16.0,7.3484692283495345,0.0,0.0,6.5,7.487025815072068,0.0,0.0402768199119819,25.532339426172943,0.3664806202216431,62.5360929944033,0.0137671865394298,6.75359986311827,,0.0400766847785509,72.0,10.154364141151875,78.0,10.154364141151875,,10.0,,,,16.0,7.3484692283495345,0.0002148760717746,7.044678589403387e-05,0.0,16.019333333333332,0.7568319284367135,10.0
gnn_topk10_selector_sage_candidate,gnn_topk10_selector_sage_candidate,150,0,uniform,equal,equal,0.3333333333333333,0.3333333333333333,0.3333333333333333,0.0,606.75891836263,2.718577058588065,237.2175097938858,237.2175097938858,0.0,103.8,0.0,0,,,0.1246090534979424,,150.0,0.0,0.674218269607189,0.0,0.0,0.0,0.0,0.0,0.0,0.0,0.0,0.0,0.0,8.012797807355554,0.6899849029352476,62.96977041647064,0.0019166247303757,12.336035739968404,,0.0101282511760388,107.6,4.115013163202923,42.4,4.115013163202924,,10.0,,,,0.0,0.0,0.0001429404185145,5.650909698476209e-05,0.0,19.080666666666666,0.0615399097645354,10.0
gnn_topk10_selector_sage_candidate,gnn_topk10_selector_sage_candidate,150,1,hotspot,equal,equal,0.3333333333333333,0.3333333333333333,0.3333333333333333,0.132,467.37675270398194,1.7817954920731645,268.799075966593,268.799075966593,0.0,123.6,0.0,0,,,0.3387242798353909,,130.2,19.8,0.627616098589092,6.268084945889685,6.268084945889684,14.2,5.329165037789691,0.0,0.0,5.6,5.94792213951879,0.0,0.0417872329725978,19.12300056119805,0.3122174398291172,43.23956469216842,0.0145862848640671,6.432556084308771,,0.0292958964991787,74.5,9.240610850419408,75.5,9.240610850419408,,10.0,,,,14.2,5.329165037789691,0.0002959523255549,6.297571741147129e-05,0.0,16.284666666666666,0.5919380181099626,10.0
gnn_topk10_selector_sage_candidate,gnn_topk10_selector_sage_candidate,150,1,uniform,equal,equal,0.3333333333333333,0.3333333333333333,0.3333333333333333,0.0006666666666666,586.9197359604962,1.222995976318756,498.32434727585394,498.32434727585394,0.0,119.8,0.0,0,,,0.1273662551440329,,149.9,0.1,0.6698416554897744,0.3162277660168379,0.3162277660168379,0.0,0.0,0.0,0.0,0.1,0.3162277660168379,0.0,0.0021081851067789,16.83119142550401,0.2500982246381198,100.58727016959158,0.0011089105039182,7.420691791650335,,0.007811104788756,65.3,5.982381539896037,84.7,5.982381539896037,,10.0,,,,0.0,0.0,-0.0005365319986747,0.0001383535439267,0.0,20.234666666666666,0.0711666449822151,10.0
gnn_topk10_selector_sage_candidate,gnn_topk10_selector_sage_candidate,150,2,hotspot,equal,equal,0.3333333333333333,0.3333333333333333,0.3333333333333333,0.1506666666666666,458.9316902688112,1.5251382547525651,306.5029220502001,306.5029220502001,0.0,120.3,0.0,0,,,0.3430041152263374,,127.4,22.6,0.6206809395965349,6.752777206453652,6.752777206453652,11.0,6.599663291074443,0.0,0.0,11.6,3.204163957519444,0.0,0.045018514709691,27.631074931372485,0.2404522151445107,41.00502348734004,0.0154906562349317,8.59004591890456,,0.0442421389320236,74.1,9.8482937044388,75.9,9.8482937044388,,10.0,,,,11.0,6.599663291074443,0.0002482593626599,7.825595442247355e-05,0.0,16.813333333333333,0.9966115431306392,10.0
gnn_topk10_selector_sage_candidate,gnn_topk10_selector_sage_candidate,150,2,uniform,equal,equal,0.3333333333333333,0.3333333333333333,0.3333333333333333,0.0,600.1681711727282,2.484555435996748,258.85736884683246,258.85736884683246,0.0,105.8,0.0,0,,,0.1250617283950617,,150.0,0.0,0.6735682095444353,0.0,0.0,0.0,0.0,0.0,0.0,0.0,0.0,0.0,0.0,8.116066720038685,0.5353685065064611,92.39330813481035,0.0014871347402957,11.350966674448676,,0.0081902309374762,89.5,4.249182927993988,60.5,4.249182927993988,,10.0,,,,0.0,0.0,1.9246808486003465e-05,5.727939173606144e-05,0.0,18.876666666666665,0.0643485877136454,10.0
gnn_topk10_selector_sage_candidate,gnn_topk10_selector_sage_candidate,200,0,hotspot,equal,equal,0.3333333333333333,0.3333333333333333,0.3333333333333333,0.2545,523.3856380699419,1.664068411034728,348.49509118666407,348.49509118666407,0.0,142.6,0.0,0,,,0.404320987654321,,149.1,50.9,0.5864557455862076,5.915140648276158,5.915140648276159,26.8,15.746604572273844,0.0,0.0,24.1,15.49516053482506,0.0,0.0295757032413807,19.124795595795973,0.4468167441062791,147.44773256824743,0.0101652242573678,6.552353266829662,,0.0300034291592956,80.6,5.521674464226308,119.4,5.521674464226308,,10.0,,,,26.8,15.746604572273844,6.14544213304138e-05,7.937601414404782e-05,0.0,14.8045,0.933054869173774,10.0
gnn_topk10_selector_sage_candidate,gnn_topk10_selector_sage_candidate,200,0,uniform,equal,equal,0.3333333333333333,0.3333333333333333,0.3333333333333333,0.0,652.748660536245,1.3751368335650282,564.2563754652645,564.2563754652645,0.0,139.3,0.0,0,,,0.1662962962962963,,200.0,0.0,0.6704864912043472,0.0,0.0,0.0,0.0,0.0,0.0,0.0,0.0,0.0,0.0,12.556205083265093,0.5143949691637743,302.43208672133454,0.0014288749143437,24.581158095853283,,0.008139674273491,111.1,10.01609815358367,88.9,10.01609815358367,,10.0,,,,0.0,0.0,-0.0001678607518816,0.0001019852052928,0.0,19.059,0.1614310998537767,10.0
gnn_topk10_selector_sage_candidate,gnn_topk10_selector_sage_candidate,200,1,hotspot,equal,equal,0.3333333333333333,0.3333333333333333,0.3333333333333333,0.2339999999999999,519.7892817073435,2.270614394683282,232.9187918217549,232.9187918217549,0.0,144.3,0.0,0,,,0.4079320987654321,,153.2,46.8,0.59497392887412,5.28730134903956,5.287301349039561,37.1,7.475143997126596,0.0,0.0,9.7,7.972870666621068,0.0,0.0264365067451978,18.48379467422004,0.303365284895887,34.6038872595563,0.0090672436891725,6.700746227100382,,0.0195825165135927,81.7,7.040359839288519,118.3,7.040359839288519,,10.0,,,,37.1,7.475143997126596,0.0001265668695404,4.414663995330383e-05,0.0,13.836,0.3585139079899441,10.0
gnn_topk10_selector_sage_candidate,gnn_topk10_selector_sage_candidate,200,1,uniform,equal,equal,0.3333333333333333,0.3333333333333333,0.3333333333333333,0.0005,676.8199405974394,2.158324730695365,325.48277885241527,325.48277885241527,0.0,118.0,0.0,0,,,0.1689506172839506,,199.9,0.1,0.6724953464741538,0.3162277660168379,0.3162277660168379,0.0,0.0,0.0,0.0,0.1,0.3162277660168379,0.0,0.0015811388300841,10.186259490328874,0.3983007416660823,73.6779788777774,0.0015385288409651,21.36976056643281,,0.0070938433463638,141.5,4.85912657903775,58.5,4.85912657903775,,10.0,,,,0.0,0.0,0.0001159683592364,2.932982167645018e-05,0.0,19.7355,0.0747384327727939,10.0
gnn_topk10_selector_sage_candidate,gnn_topk10_selector_sage_candidate,200,2,hotspot,equal,equal,0.3333333333333333,0.3333333333333333,0.3333333333333333,0.2425,520.6863989068642,1.7667713355335866,300.8345922451487,300.8345922451487,0.0,144.0,0.0,0,,,0.4119135802469136,,151.5,48.5,0.5907410314875933,7.531415685130002,7.531415685130002,36.9,13.486206945534308,0.0,0.0,11.6,8.643558937793571,0.0,0.03765707842565,26.34348283118417,0.2826209088335374,43.61578341326683,0.0131224097136839,7.6739096221475585,,0.0384785215820916,100.0,10.540925533894598,100.0,10.540925533894598,,10.0,,,,36.9,13.486206945534308,0.0002484499799297,2.5013429179224344e-05,0.0,14.7775,1.0705820068230802,10.0
gnn_topk10_selector_sage_candidate,gnn_topk10_selector_sage_candidate,200,2,uniform,equal,equal,0.3333333333333333,0.3333333333333333,0.3333333333333333,0.0005,677.4198784608113,2.706537746332,252.0876876657512,252.0876876657512,0.0,102.9,0.0,0,,,0.1658024691358025,,199.9,0.1,0.6740181604064777,0.3162277660168379,0.3162277660168379,0.0,0.0,0.0,0.0,0.1,0.3162277660168379,0.0,0.0015811388300841,6.949331591927483,0.2404977164267309,22.57695457387963,0.001116211440525,9.573690801125528,,0.0064787047419368,158.8,3.2930904093942583,41.2,3.293090409394259,,10.0,,,,0.0,0.0,0.0002021841494285,5.331813213691427e-05,0.0,19.278,0.1027996973622861,10.0
greedy_z,greedy_z,25,0,hotspot,equal,equal,0.3333333333333333,0.3333333333333333,0.3333333333333333,0.0,147.79852816857172,5.911941126742869,25.0,25.0,0.0,,,0,,,,,25.0,0.0,0.4729208321592066,,,,,,,,,,,,,,,,,,,,,,,,,,,,,,,,,,
greedy_z,greedy_z,25,0,uniform,equal,equal,0.3333333333333333,0.3333333333333333,0.3333333333333333,0.0,160.69769950602804,5.479970548592879,29.32455532033676,29.32455532033676,0.0,,,0,,,,,25.0,0.0,0.482470223334448,,,,,,,,,,,,,,,,,,,,,,,,,,,,,,,,,,
greedy_z,greedy_z,25,1,hotspot,equal,equal,0.3333333333333333,0.3333333333333333,0.3333333333333333,0.0,145.17062205790864,5.344567339829216,27.16227766016837,27.16227766016837,0.0,,,0,,,,,25.0,0.0,0.4691548721033383,,,,,,,,,,,,,,,,,,,,,,,,,,,,,,,,,,
greedy_z,greedy_z,25,1,uniform,equal,equal,0.3333333333333333,0.3333333333333333,0.3333333333333333,0.0,162.8369123561819,5.171587515867387,31.48683298050514,31.48683298050514,0.0,,,0,,,,,25.0,0.0,0.4833962811742276,,,,,,,,,,,,,,,,,,,,,,,,,,,,,,,,,,
greedy_z,greedy_z,25,2,hotspot,equal,equal,0.3333333333333333,0.3333333333333333,0.3333333333333333,0.0,150.72283681481855,6.028913472592742,25.0,25.0,0.0,,,0,,,,,25.0,0.0,0.4756826792139952,,,,,,,,,,,,,,,,,,,,,,,,,,,,,,,,,,
greedy_z,greedy_z,25,2,uniform,equal,equal,0.3333333333333333,0.3333333333333333,0.3333333333333333,0.0,159.4229161057271,5.869276431832883,27.16227766016837,27.16227766016837,0.0,,,0,,,,,25.0,0.0,0.4824893090654194,,,,,,,,,,,,,,,,,,,,,,,,,,,,,,,,,,
greedy_z,greedy_z,50,0,hotspot,equal,equal,0.3333333333333333,0.3333333333333333,0.3333333333333333,0.0,221.4593199368678,3.641740899603864,60.8113883008419,60.8113883008419,0.0,,,0,,,,,50.0,0.0,0.5279987135574006,,,,,,,,,,,,,,,,,,,,,,,,,,,,,,,,,,
greedy_z,greedy_z,50,0,uniform,equal,equal,0.3333333333333333,0.3333333333333333,0.3333333333333333,0.0,322.18811795140215,2.5352519170933805,127.08327554319922,127.08327554319922,0.0,,,0,,,,,50.0,0.0,0.6088657980625389,,,,,,,,,,,,,,,,,,,,,,,,,,,,,,,,,,
greedy_z,greedy_z,50,1,hotspot,equal,equal,0.3333333333333333,0.3333333333333333,0.3333333333333333,0.0,247.28147357876543,3.0671416193026646,80.62277660168381,80.62277660168381,0.0,,,0,,,,,50.0,0.0,0.5479210658137008,,,,,,,,,,,,,,,,,,,,,,,,,,,,,,,,,,
greedy_z,greedy_z,50,1,uniform,equal,equal,0.3333333333333333,0.3333333333333333,0.3333333333333333,0.0,329.0756093821441,2.166096944910213,151.92099788303085,151.92099788303085,0.0,,,0,,,,,50.0,0.0,0.6135799437765372,,,,,,,,,,,,,,,,,,,,,,,,,,,,,,,,,,
greedy_z,greedy_z,50,2,hotspot,equal,equal,0.3333333333333333,0.3333333333333333,0.3333333333333333,0.0,226.22799793926387,3.720158415395556,60.8113883008419,60.8113883008419,0.0,,,0,,,,,50.0,0.0,0.5321904383254853,,,,,,,,,,,,,,,,,,,,,,,,,,,,,,,,,,
greedy_z,greedy_z,50,2,uniform,equal,equal,0.3333333333333333,0.3333333333333333,0.3333333333333333,0.0,335.3306692631182,2.083821711737464,160.92099788303085,160.92099788303085,0.0,,,0,,,,,50.0,0.0,0.6185639513629804,,,,,,,,,,,,,,,,,,,,,,,,,,,,,,,,,,
greedy_z,greedy_z,75,0,hotspot,equal,equal,0.3333333333333333,0.3333333333333333,0.3333333333333333,0.0133333333333333,296.84576560676607,2.078969449158057,142.78505426185217,142.78505426185217,0.0,,,0,,,,,74.0,1.0,0.5820352753644107,,,,,,,,,,,,,,,,,,,,,,,,,,,,,,,,,,
greedy_z,greedy_z,75,0,uniform,equal,equal,0.3333333333333333,0.3333333333333333,0.3333333333333333,0.0,447.5225559566718,1.8239785577604173,245.35516278555653,245.35516278555653,0.0,,,0,,,,,75.0,0.0,0.6717332737715567,,,,,,,,,,,,,,,,,,,,,,,,,,,,,,,,,,
greedy_z,greedy_z,75,1,hotspot,equal,equal,0.3333333333333333,0.3333333333333333,0.3333333333333333,0.0,306.1329757195734,1.948531197637696,157.10960958218894,157.10960958218894,0.0,,,0,,,,,75.0,0.0,0.5938567330930824,,,,,,,,,,,,,,,,,,,,,,,,,,,,,,,,,,
greedy_z,greedy_z,75,1,uniform,equal,equal,0.3333333333333333,0.3333333333333333,0.3333333333333333,0.0,440.0452717398352,1.890777983052916,232.7323861838727,232.7323861838727,0.0,,,0,,,,,75.0,0.0,0.6719188277307024,,,,,,,,,,,,,,,,,,,,,,,,,,,,,,,,,,
greedy_z,greedy_z,75,2,hotspot,equal,equal,0.3333333333333333,0.3333333333333333,0.3333333333333333,0.0,272.5736110903492,2.423727563507431,112.46049894151544,112.46049894151544,0.0,,,0,,,,,75.0,0.0,0.567210585807256,,,,,,,,,,,,,,,,,,,,,,,,,,,,,,,,,,
greedy_z,greedy_z,75,2,uniform,equal,equal,0.3333333333333333,0.3333333333333333,0.3333333333333333,0.0,455.8781359280042,1.6585327827739662,274.8683298050514,274.8683298050514,0.0,,,0,,,,,75.0,0.0,0.6712737021743721,,,,,,,,,,,,,,,,,,,,,,,,,,,,,,,,,,
greedy_z,greedy_z,100,0,hotspot,equal,equal,0.3333333333333333,0.3333333333333333,0.3333333333333333,0.09,334.0480159597532,1.669325209604955,200.1096095821889,200.1096095821889,0.0,,,0,,,,,91.0,9.0,0.5863436944375858,,,,,,,,,,,,,,,,,,,,,,,,,,,,,,,,,,
greedy_z,greedy_z,100,0,uniform,equal,equal,0.3333333333333333,0.3333333333333333,0.3333333333333333,0.0,518.17742642829,1.91665445220036,270.3551627855565,270.3551627855565,0.0,,,0,,,,,100.0,0.0,0.6719907068116676,,,,,,,,,,,,,,,,,,,,,,,,,,,,,,,,,,
greedy_z,greedy_z,100,1,hotspot,equal,equal,0.3333333333333333,0.3333333333333333,0.3333333333333333,0.06,369.9309577428801,1.098490525144662,336.7629936490925,336.7629936490925,0.0,,,0,,,,,94.0,6.0,0.6246604940222462,,,,,,,,,,,,,,,,,,,,,,,,,,,,,,,,,,
greedy_z,greedy_z,100,1,uniform,equal,equal,0.3333333333333333,0.3333333333333333,0.3333333333333333,0.0,522.57691029385,2.0275950493898374,257.7323861838727,257.7323861838727,0.0,,,0,,,,,100.0,0.0,0.6722988751371939,,,,,,,,,,,,,,,,,,,,,,,,,,,,,,,,,,
greedy_z,greedy_z,100,2,hotspot,equal,equal,0.3333333333333333,0.3333333333333333,0.3333333333333333,0.07,342.23049479130185,1.5126507016192168,226.2455532033676,226.2455532033676,0.0,,,0,,,,,93.0,7.0,0.5993938864972492,,,,,,,,,,,,,,,,,,,,,,,,,,,,,,,,,,
greedy_z,greedy_z,100,2,uniform,equal,equal,0.3333333333333333,0.3333333333333333,0.3333333333333333,0.0,516.5346972981472,1.7225383475272418,299.8683298050514,299.8683298050514,0.0,,,0,,,,,100.0,0.0,0.6714514954097979,,,,,,,,,,,,,,,,,,,,,,,,,,,,,,,,,,
greedy_z,greedy_z,125,0,hotspot,equal,equal,0.3333333333333333,0.3333333333333333,0.3333333333333333,0.144,399.9594419401118,1.3525575112143773,295.70605214488296,295.70605214488296,0.0,,,0,,,,,107.0,18.0,0.6223899724812442,,,,,,,,,,,,,,,,,,,,,,,,,,,,,,,,,,
greedy_z,greedy_z,125,0,uniform,equal,equal,0.3333333333333333,0.3333333333333333,0.3333333333333333,0.0,571.0155820517906,1.933318438270802,295.3551627855565,295.3551627855565,0.0,,,0,,,,,125.0,0.0,0.6720369956618633,,,,,,,,,,,,,,,,,,,,,,,,,,,,,,,,,,
greedy_z,greedy_z,125,1,hotspot,equal,equal,0.3333333333333333,0.3333333333333333,0.3333333333333333,0.144,412.2999228308441,1.018344831288374,404.8726032312814,404.8726032312814,0.0,,,0,,,,,107.0,18.0,0.6214954023091344,,,,,,,,,,,,,,,,,,,,,,,,,,,,,,,,,,
greedy_z,greedy_z,125,1,uniform,equal,equal,0.3333333333333333,0.3333333333333333,0.3333333333333333,0.0,572.6764043697416,2.025506918748622,282.73238618387273,282.73238618387273,0.0,,,0,,,,,125.0,0.0,0.6722930747743017,,,,,,,,,,,,,,,,,,,,,,,,,,,,,,,,,,
greedy_z,greedy_z,125,2,hotspot,equal,equal,0.3333333333333333,0.3333333333333333,0.3333333333333333,0.176,390.7249423672403,1.4017924063890046,278.73238618387273,278.73238618387273,0.0,,,0,,,,,103.0,22.0,0.6041646531015585,,,,,,,,,,,,,,,,,,,,,,,,,,,,,,,,,,
greedy_z,greedy_z,125,2,uniform,equal,equal,0.3333333333333333,0.3333333333333333,0.3333333333333333,0.0,570.7803427077895,1.7569590210603363,324.86832980505136,324.86832980505136,0.0,,,0,,,,,125.0,0.0,0.6715471083918343,,,,,,,,,,,,,,,,,,,,,,,,,,,,,,,,,,
greedy_z,greedy_z,150,0,hotspot,equal,equal,0.3333333333333333,0.3333333333333333,0.3333333333333333,0.24,424.37772777263575,1.401946623682032,302.70605214488296,302.70605214488296,0.0,,,0,,,,,114.0,36.0,0.5905609628435611,,,,,,,,,,,,,,,,,,,,,,,,,,,,,,,,,,
greedy_z,greedy_z,150,0,uniform,equal,equal,0.3333333333333333,0.3333333333333333,0.3333333333333333,0.0,620.325206708577,1.9363671286415889,320.35516278555656,320.35516278555656,0.0,,,0,,,,,150.0,0.0,0.6720454642462266,,,,,,,,,,,,,,,,,,,,,,,,,,,,,,,,,,
greedy_z,greedy_z,150,1,hotspot,equal,equal,0.3333333333333333,0.3333333333333333,0.3333333333333333,0.2533333333333333,419.4569932508334,1.023383826935473,409.87260323128135,409.87260323128135,0.0,,,0,,,,,112.0,38.0,0.5850649550748207,,,,,,,,,,,,,,,,,,,,,,,,,,,,,,,,,,
greedy_z,greedy_z,150,1,uniform,equal,equal,0.3333333333333333,0.3333333333333333,0.3333333333333333,0.0,617.4535133769626,2.006462566497726,307.73238618387273,307.73238618387273,0.0,,,0,,,,,150.0,0.0,0.672240173795827,,,,,,,,,,,,,,,,,,,,,,,,,,,,,,,,,,
greedy_z,greedy_z,150,2,hotspot,equal,equal,0.3333333333333333,0.3333333333333333,0.3333333333333333,0.2466666666666666,426.4258678007039,1.42191882421244,299.89466384404113,299.89466384404113,0.0,,,0,,,,,113.0,37.0,0.5883942189561455,,,,,,,,,,,,,,,,,,,,,,,,,,,,,,,,,,
greedy_z,greedy_z,150,2,uniform,equal,equal,0.3333333333333333,0.3333333333333333,0.3333333333333333,0.0,610.1152476933048,1.7438424564843136,349.8683298050514,349.8683298050514,0.0,,,0,,,,,150.0,0.0,0.6715106734902342,,,,,,,,,,,,,,,,,,,,,,,,,,,,,,,,,,
greedy_z,greedy_z,200,0,hotspot,equal,equal,0.3333333333333333,0.3333333333333333,0.3333333333333333,0.32,476.5948174118068,1.4677731266898328,324.70605214488296,324.70605214488296,0.0,,,0,,,,,136.0,64.0,0.5640771475741384,,,,,,,,,,,,,,,,,,,,,,,,,,,,,,,,,,
greedy_z,greedy_z,200,0,uniform,equal,equal,0.3333333333333333,0.3333333333333333,0.3333333333333333,0.0,691.5837441252067,1.867352783537808,370.3551627855565,370.3551627855565,0.0,,,0,,,,,200.0,0.0,0.6718537577320494,,,,,,,,,,,,,,,,,,,,,,,,,,,,,,,,,,
greedy_z,greedy_z,200,1,hotspot,equal,equal,0.3333333333333333,0.3333333333333333,0.3333333333333333,0.375,461.0331848937434,1.090241319420712,422.8726032312814,422.8726032312814,0.0,,,0,,,,,125.0,75.0,0.5446951147761686,,,,,,,,,,,,,,,,,,,,,,,,,,,,,,,,,,
greedy_z,greedy_z,200,1,uniform,equal,equal,0.3333333333333333,0.3333333333333333,0.3333333333333333,0.0,683.5094943998241,1.8991931891938807,359.8946638440411,359.8946638440411,0.0,,,0,,,,,200.0,0.0,0.6719422033033162,,,,,,,,,,,,,,,,,,,,,,,,,,,,,,,,,,
greedy_z,greedy_z,200,2,hotspot,equal,equal,0.3333333333333333,0.3333333333333333,0.3333333333333333,0.385,455.645290633722,1.4703231252250024,309.8946638440411,309.8946638440411,0.0,,,0,,,,,123.0,77.0,0.542417564236736,,,,,,,,,,,,,,,,,,,,,,,,,,,,,,,,,,
greedy_z,greedy_z,200,2,uniform,equal,equal,0.3333333333333333,0.3333333333333333,0.3333333333333333,0.0,674.7602348869342,1.6783802585113092,402.03060746521976,402.03060746521976,0.0,,,0,,,,,200.0,0.0,0.6713288340514203,,,,,,,,,,,,,,,,,,,,,,,,,,,,,,,,,,
qlearning,qlearning,25,0,hotspot,equal,equal,0.3333333333333333,0.3333333333333333,0.3333333333333333,0.068,158.93005740454296,0.2551946779010897,680.1739546073113,680.1739546073113,0.0,,0.5002,2500,,,,,23.3,1.7,0.4438172552757331,,,,,,,,,,,,,,,,,,,,,,,,,,,,,,,,,,
qlearning,qlearning,25,0,uniform,equal,equal,0.3333333333333333,0.3333333333333333,0.3333333333333333,0.064,159.66127619309827,0.1888877384500838,920.0599329025706,920.0599329025706,0.0,,0.5002,2500,,,,,23.4,1.6,0.4455757516566098,,,,,,,,,,,,,,,,,,,,,,,,,,,,,,,,,,
qlearning,qlearning,25,1,hotspot,equal,equal,0.3333333333333333,0.3333333333333333,0.3333333333333333,0.08,151.56268033333998,0.2773143393998448,598.1380109861328,598.1380109861328,0.0,,0.5002,2500,,,,,23.0,2.0,0.4337392178872273,,,,,,,,,,,,,,,,,,,,,,,,,,,,,,,,,,
qlearning,qlearning,25,1,uniform,equal,equal,0.3333333333333333,0.3333333333333333,0.3333333333333333,0.044,172.08591441107004,0.1933966773655661,937.525271309261,937.525271309261,0.0,,0.5002,2500,,,,,23.9,1.1,0.4626088083352404,,,,,,,,,,,,,,,,,,,,,,,,,,,,,,,,,,
qlearning,qlearning,25,2,hotspot,equal,equal,0.3333333333333333,0.3333333333333333,0.3333333333333333,0.068,161.19152196641298,0.2307553305884913,737.3708938607894,737.3708938607894,0.0,,0.5002,2500,,,,,23.3,1.7,0.4456339220014232,,,,,,,,,,,,,,,,,,,,,,,,,,,,,,,,,,
qlearning,qlearning,25,2,uniform,equal,equal,0.3333333333333333,0.3333333333333333,0.3333333333333333,0.048,164.0405550613412,0.2919026936324948,610.5792214151094,610.5792214151094,0.0,,0.5002,2500,,,,,23.8,1.2,0.4548446367000968,,,,,,,,,,,,,,,,,,,,,,,,,,,,,,,,,,
qlearning,qlearning,50,0,hotspot,equal,equal,0.3333333333333333,0.3333333333333333,0.3333333333333333,0.166,229.57494073802008,0.1948768642303028,1206.4063407911842,1206.4063407911842,0.0,,0.01,5000,,,,,41.7,8.3,0.4698537752378786,,,,,,,,,,,,,,,,,,,,,,,,,,,,,,,,,,
qlearning,qlearning,50,0,uniform,equal,equal,0.3333333333333333,0.3333333333333333,0.3333333333333333,0.112,269.03038978295695,0.1825128529211953,1514.0128896268511,1514.0128896268511,0.0,,0.01,5000,,,,,44.4,5.6,0.5206989716328007,,,,,,,,,,,,,,,,,,,,,,,,,,,,,,,,,,
qlearning,qlearning,50,1,hotspot,equal,equal,0.3333333333333333,0.3333333333333333,0.3333333333333333,0.154,227.3889882574261,0.218950526192717,1082.694455799558,1082.694455799558,0.0,,0.01,5000,,,,,42.3,7.7,0.4720990194539459,,,,,,,,,,,,,,,,,,,,,,,,,,,,,,,,,,
qlearning,qlearning,50,1,uniform,equal,equal,0.3333333333333333,0.3333333333333333,0.3333333333333333,0.118,267.8296465091786,0.247916044792166,1130.3338181617212,1130.3338181617212,0.0,,0.01,5000,,,,,44.1,5.9,0.5178800277709603,,,,,,,,,,,,,,,,,,,,,,,,,,,,,,,,,,
qlearning,qlearning,50,2,hotspot,equal,equal,0.3333333333333333,0.3333333333333333,0.3333333333333333,0.1599999999999999,219.9303434980697,0.2074579582864047,1139.2585121783795,1139.2585121783795,0.0,,0.01,5000,,,,,42.0,8.0,0.4638515583547425,,,,,,,,,,,,,,,,,,,,,,,,,,,,,,,,,,
qlearning,qlearning,50,2,uniform,equal,equal,0.3333333333333333,0.3333333333333333,0.3333333333333333,0.106,262.5055439442541,0.2218728654849138,1238.3751672870194,1238.3751672870194,0.0,,0.01,5000,,,,,44.7,5.3,0.5173709334687808,,,,,,,,,,,,,,,,,,,,,,,,,,,,,,,,,,
qlearning,qlearning,75,0,hotspot,equal,equal,0.3333333333333333,0.3333333333333333,0.3333333333333333,0.2386666666666666,267.86536867536586,0.1955634325174872,1405.5031413483405,1405.5031413483405,0.0,,0.01,7500,,,,,57.1,17.9,0.4775421500975755,,,,,,,,,,,,,,,,,,,,,,,,,,,,,,,,,,
qlearning,qlearning,75,0,uniform,equal,equal,0.3333333333333333,0.3333333333333333,0.3333333333333333,0.148,337.9055970855703,0.2007472146717318,1774.3298333817918,1774.3298333817918,0.0,,0.01,7500,,,,,63.9,11.1,0.5661456287231745,,,,,,,,,,,,,,,,,,,,,,,,,,,,,,,,,,
qlearning,qlearning,75,1,hotspot,equal,equal,0.3333333333333333,0.3333333333333333,0.3333333333333333,0.2466666666666666,263.0576835153139,0.1943680728692721,1388.2062020948622,1388.2062020948622,0.0,,0.01,7500,,,,,56.5,18.5,0.4708657586873984,,,,,,,,,,,,,,,,,,,,,,,,,,,,,,,,,,
qlearning,qlearning,75,1,uniform,equal,equal,0.3333333333333333,0.3333333333333333,0.3333333333333333,0.176,325.3236579412662,0.2299420141962616,1561.7597248580876,1561.7597248580876,0.0,,0.01,7500,,,,,61.8,13.2,0.5464084427682669,,,,,,,,,,,,,,,,,,,,,,,,,,,,,,,,,,
qlearning,qlearning,75,2,hotspot,equal,equal,0.3333333333333333,0.3333333333333333,0.3333333333333333,0.2333333333333333,261.3736511701041,0.160841269849836,1709.909690184007,1709.909690184007,0.0,,0.01,7500,,,,,57.5,17.5,0.4738137128357806,,,,,,,,,,,,,,,,,,,,,,,,,,,,,,,,,,
qlearning,qlearning,75,2,uniform,equal,equal,0.3333333333333333,0.3333333333333333,0.3333333333333333,0.16,327.47229411586954,0.1764360254657118,1893.410544869253,1893.410544869253,0.0,,0.01,7500,,,,,63.0,12.0,0.5533836785006292,,,,,,,,,,,,,,,,,,,,,,,,,,,,,,,,,,
qlearning,qlearning,100,0,hotspot,equal,equal,0.3333333333333333,0.3333333333333333,0.3333333333333333,0.312,296.46678542901725,0.1487225317425262,2046.4995145628727,2046.4995145628727,0.0,,0.01,10000,,,,,68.8,31.2,0.4768021060012436,,,,,,,,,,,,,,,,,,,,,,,,,,,,,,,,,,
qlearning,qlearning,100,0,uniform,equal,equal,0.3333333333333333,0.3333333333333333,0.3333333333333333,0.194,379.1909037586688,0.1944862661390186,1989.323931186888,1989.323931186888,0.0,,0.01,10000,,,,,80.6,19.4,0.580866822045777,,,,,,,,,,,,,,,,,,,,,,,,,,,,,,,,,,
qlearning,qlearning,100,1,hotspot,equal,equal,0.3333333333333333,0.3333333333333333,0.3333333333333333,0.292,291.8937403301637,0.1677373594712526,1825.0955991311057,1825.0955991311057,0.0,,0.01,10000,,,,,70.8,29.2,0.4797107207181121,,,,,,,,,,,,,,,,,,,,,,,,,,,,,,,,,,
qlearning,qlearning,100,1,uniform,equal,equal,0.3333333333333333,0.3333333333333333,0.3333333333333333,0.201,375.83214329189934,0.1911883690821025,1993.249976579577,1993.249976579577,0.0,,0.01,10000,,,,,79.9,20.1,0.5800578648795887,,,,,,,,,,,,,,,,,,,,,,,,,,,,,,,,,,
qlearning,qlearning,100,2,hotspot,equal,equal,0.3333333333333333,0.3333333333333333,0.3333333333333333,0.299,284.52238893699325,0.1629717417556213,1795.9995839110345,1795.9995839110345,0.0,,0.01,10000,,,,,70.1,29.9,0.4712213567301487,,,,,,,,,,,,,,,,,,,,,,,,,,,,,,,,,,
qlearning,qlearning,100,2,uniform,equal,equal,0.3333333333333333,0.3333333333333333,0.3333333333333333,0.2,372.4363795455905,0.1743464631699259,2198.615534284408,2198.615534284408,0.0,,0.01,10000,,,,,80.0,20.0,0.5770710635802281,,,,,,,,,,,,,,,,,,,,,,,,,,,,,,,,,,
qlearning,qlearning,125,0,hotspot,equal,equal,0.3333333333333333,0.3333333333333333,0.3333333333333333,0.3591999999999999,318.5555892602238,0.1554215313092939,2093.242861704965,2093.242861704965,0.0,,0.01,12500,,,,,80.1,44.9,0.4794947175260456,,,,,,,,,,,,,,,,,,,,,,,,,,,,,,,,,,
qlearning,qlearning,125,0,uniform,equal,equal,0.3333333333333333,0.3333333333333333,0.3333333333333333,0.2312,421.45219790783057,0.1638681158614917,2656.4884149083327,2656.4884149083327,0.0,,0.01,12500,,,,,96.1,28.9,0.5860480336044688,,,,,,,,,,,,,,,,,,,,,,,,,,,,,,,,,,
qlearning,qlearning,125,1,hotspot,equal,equal,0.3333333333333333,0.3333333333333333,0.3333333333333333,0.3504,325.6255028308363,0.1641862892932613,2076.1731111757226,2076.1731111757226,0.0,,0.01,12500,,,,,81.2,43.8,0.4883439920515114,,,,,,,,,,,,,,,,,,,,,,,,,,,,,,,,,,
qlearning,qlearning,125,1,uniform,equal,equal,0.3333333333333333,0.3333333333333333,0.3333333333333333,0.2424,419.2312752716756,0.190771218547681,2319.8739658609684,2319.8739658609684,0.0,,0.01,12500,,,,,94.7,30.3,0.5859552922084484,,,,,,,,,,,,,,,,,,,,,,,,,,,,,,,,,,
qlearning,qlearning,125,2,hotspot,equal,equal,0.3333333333333333,0.3333333333333333,0.3333333333333333,0.3736,291.6094337459921,0.1538910599288456,1934.112612234208,1934.112612234208,0.0,,0.01,12500,,,,,78.3,46.7,0.4522353366214623,,,,,,,,,,,,,,,,,,,,,,,,,,,,,,,,,,
qlearning,qlearning,125,2,uniform,equal,equal,0.3333333333333333,0.3333333333333333,0.3333333333333333,0.244,410.58404671868857,0.1776416415459611,2413.9786666298214,2413.9786666298214,0.0,,0.01,12500,,,,,94.5,30.5,0.5832302540610793,,,,,,,,,,,,,,,,,,,,,,,,,,,,,,,,,,
qlearning,qlearning,150,0,hotspot,equal,equal,0.3333333333333333,0.3333333333333333,0.3333333333333333,0.4026666666666666,345.12661070516447,0.1686362245041015,2168.2949637439992,2168.2949637439992,0.0,,0.01,15000,,,,,89.6,60.4,0.4871850539890373,,,,,,,,,,,,,,,,,,,,,,,,,,,,,,,,,,
qlearning,qlearning,150,0,uniform,equal,equal,0.3333333333333333,0.3333333333333333,0.3333333333333333,0.2686666666666666,448.1326921325505,0.1429735235516002,3220.8865668415183,3220.8865668415183,0.0,,0.01,15000,,,,,109.7,40.3,0.5775082597876433,,,,,,,,,,,,,,,,,,,,,,,,,,,,,,,,,,
qlearning,qlearning,150,1,hotspot,equal,equal,0.3333333333333333,0.3333333333333333,0.3333333333333333,0.3913333333333333,334.4344464515529,0.1440436705661884,2422.6028639556966,2422.6028639556966,0.0,,0.01,15000,,,,,91.3,58.7,0.481984382238978,,,,,,,,,,,,,,,,,,,,,,,,,,,,,,,,,,
qlearning,qlearning,150,1,uniform,equal,equal,0.3333333333333333,0.3333333333333333,0.3333333333333333,0.2886666666666667,439.1609233796906,0.1520334739077292,2995.860660145151,2995.860660145151,0.0,,0.01,15000,,,,,106.7,43.3,0.5708667596497436,,,,,,,,,,,,,,,,,,,,,,,,,,,,,,,,,,
qlearning,qlearning,150,2,hotspot,equal,equal,0.3333333333333333,0.3333333333333333,0.3333333333333333,0.432,317.1964854190901,0.1588755080019958,2097.465638306649,2097.465638306649,0.0,,0.01,15000,,,,,85.2,64.8,0.4541050587048028,,,,,,,,,,,,,,,,,,,,,,,,,,,,,,,,,,
qlearning,qlearning,150,2,uniform,equal,equal,0.3333333333333333,0.3333333333333333,0.3333333333333333,0.2926666666666667,427.3012792875232,0.1453819514355931,3021.534256758001,3021.534256758001,0.0,,0.01,15000,,,,,106.1,43.9,0.5695149498650988,,,,,,,,,,,,,,,,,,,,,,,,,,,,,,,,,,
qlearning,qlearning,200,0,hotspot,equal,equal,0.3333333333333333,0.3333333333333333,0.3333333333333333,0.482,373.6268799016505,0.1610788806612439,2429.163362897212,2429.163362897212,0.0,,0.01,20000,,,,,103.6,96.4,0.4844698412532122,,,,,,,,,,,,,,,,,,,,,,,,,,,,,,,,,,
qlearning,qlearning,200,0,uniform,equal,equal,0.3333333333333333,0.3333333333333333,0.3333333333333333,0.362,464.4284765474944,0.1493439121889063,3201.579382618746,3201.579382618746,0.0,,0.01,20000,,,,,127.6,72.4,0.5464148442005248,,,,,,,,,,,,,,,,,,,,,,,,,,,,,,,,,,
qlearning,qlearning,200,1,hotspot,equal,equal,0.3333333333333333,0.3333333333333333,0.3333333333333333,0.4914999999999999,372.15023815844495,0.1559867706496306,2471.368133014226,2471.368133014226,0.0,,0.01,20000,,,,,101.7,98.3,0.4778436167143051,,,,,,,,,,,,,,,,,,,,,,,,,,,,,,,,,,
qlearning,qlearning,200,1,uniform,equal,equal,0.3333333333333333,0.3333333333333333,0.3333333333333333,0.3595,480.0332279241456,0.1568323456293033,3093.880237303992,3093.880237303992,0.0,,0.01,20000,,,,,128.1,71.9,0.5472689787378592,,,,,,,,,,,,,,,,,,,,,,,,,,,,,,,,,,
qlearning,qlearning,200,2,hotspot,equal,equal,0.3333333333333333,0.3333333333333333,0.3333333333333333,0.496,358.537753433268,0.1573025580913192,2384.0121155434235,2384.0121155434235,0.0,,0.01,20000,,,,,100.8,99.2,0.4672184127446436,,,,,,,,,,,,,,,,,,,,,,,,,,,,,,,,,,
qlearning,qlearning,200,2,uniform,equal,equal,0.3333333333333333,0.3333333333333333,0.3333333333333333,0.3484999999999999,478.0307771686336,0.151090896595917,3264.756825315202,3264.756825315202,0.0,,0.01,20000,,,,,130.3,69.7,0.5509196969349887,,,,,,,,,,,,,,,,,,,,,,,,,,,,,,,,,,
random,random,25,0,hotspot,equal,equal,0.3333333333333333,0.3333333333333333,0.3333333333333333,0.2,159.2396528080752,0.4107784411359418,387.6533840669035,387.6533840669035,0.0,,,0,,,,,20.0,5.0,0.4005074285654402,,,,,,,,,,,,,,,,,,,,,,,,,,,,,,,,,,
random,random,25,0,uniform,equal,equal,0.3333333333333333,0.3333333333333333,0.3333333333333333,0.08,163.2287582352076,0.3231355428187737,505.1402170474087,505.1402170474087,0.0,,,0,,,,,23.0,2.0,0.4435882305927251,,,,,,,,,,,,,,,,,,,,,,,,,,,,,,,,,,
random,random,25,1,hotspot,equal,equal,0.3333333333333333,0.3333333333333333,0.3333333333333333,0.04,142.25640824907094,0.7251817777354733,196.1665510863984,196.1665510863984,0.0,,,0,,,,,24.0,1.0,0.4405614007012687,,,,,,,,,,,,,,,,,,,,,,,,,,,,,,,,,,
random,random,25,1,uniform,equal,equal,0.3333333333333333,0.3333333333333333,0.3333333333333333,0.08,151.89463847071067,0.4252767735631755,357.1665510863985,357.1665510863985,0.0,,,0,,,,,23.0,2.0,0.4344268564299343,,,,,,,,,,,,,,,,,,,,,,,,,,,,,,,,,,
random,random,25,2,hotspot,equal,equal,0.3333333333333333,0.3333333333333333,0.3333333333333333,0.16,182.18741958441848,0.2602351946590241,700.0875489694292,700.0875489694292,0.0,,,0,,,,,21.0,4.0,0.4325457251944015,,,,,,,,,,,,,,,,,,,,,,,,,,,,,,,,,,
random,random,25,2,uniform,equal,equal,0.3333333333333333,0.3333333333333333,0.3333333333333333,0.12,177.01212003549833,0.3167480636326369,558.8419957660617,558.8419957660617,0.0,,,0,,,,,22.0,3.0,0.4417232890952282,,,,,,,,,,,,,,,,,,,,,,,,,,,,,,,,,,
random,random,50,0,hotspot,equal,equal,0.3333333333333333,0.3333333333333333,0.3333333333333333,0.26,211.55283478863507,0.2387482080769865,886.0918223956593,886.0918223956593,0.0,,,0,,,,,37.0,13.0,0.4236238851240763,,,,,,,,,,,,,,,,,,,,,,,,,,,,,,,,,,
random,random,50,0,uniform,equal,equal,0.3333333333333333,0.3333333333333333,0.3333333333333333,0.22,242.9193117087032,0.2340669161195292,1037.819935153302,1037.819935153302,0.0,,,0,,,,,39.0,11.0,0.4630829456353624,,,,,,,,,,,,,,,,,,,,,,,,,,,,,,,,,,
random,random,50,1,hotspot,equal,equal,0.3333333333333333,0.3333333333333333,0.3333333333333333,0.18,202.9159146031108,0.3766882212816051,538.6839915321233,538.6839915321233,0.0,,,0,,,,,41.0,9.0,0.4434762850061523,,,,,,,,,,,,,,,,,,,,,,,,,,,,,,,,,,
random,random,50,1,uniform,equal,equal,0.3333333333333333,0.3333333333333333,0.3333333333333333,0.24,197.8900825858812,0.4024310140773069,491.7366596101028,491.7366596101028,0.0,,,0,,,,,38.0,12.0,0.4193595994162268,,,,,,,,,,,,,,,,,,,,,,,,,,,,,,,,,,
random,random,50,2,hotspot,equal,equal,0.3333333333333333,0.3333333333333333,0.3333333333333333,0.26,222.09921995852903,0.2104646431249698,1055.280434094817,1055.280434094817,0.0,,,0,,,,,37.0,13.0,0.4323339739741213,,,,,,,,,,,,,,,,,,,,,,,,,,,,,,,,,,
random,random,50,2,uniform,equal,equal,0.3333333333333333,0.3333333333333333,0.3333333333333333,0.34,213.75996413966504,0.3284073024241334,650.8989372702712,650.8989372702712,0.0,,,0,,,,,33.0,17.0,0.3990455459564545,,,,,,,,,,,,,,,,,,,,,,,,,,,,,,,,,,
random,random,75,0,hotspot,equal,equal,0.3333333333333333,0.3333333333333333,0.3333333333333333,0.3333333333333333,250.1279491952153,0.2141434628031195,1168.03915431768,1168.03915431768,0.0,,,0,,,,,50.0,25.0,0.4312570228371326,,,,,,,,,,,,,,,,,,,,,,,,,,,,,,,,,,
random,random,75,0,uniform,equal,equal,0.3333333333333333,0.3333333333333333,0.3333333333333333,0.3466666666666667,267.44347392578265,0.1769329914357131,1511.5523213371748,1511.5523213371748,0.0,,,0,,,,,49.0,26.0,0.4411388199143625,,,,,,,,,,,,,,,,,,,,,,,,,,,,,,,,,,
random,random,75,1,hotspot,equal,equal,0.3333333333333333,0.3333333333333333,0.3333333333333333,0.2266666666666666,249.43546548073988,0.2773966506393249,899.2014319778483,899.2014319778483,0.0,,,0,,,,,58.0,17.0,0.4664112119301702,,,,,,,,,,,,,,,,,,,,,,,,,,,,,,,,,,
random,random,75,1,uniform,equal,equal,0.3333333333333333,0.3333333333333333,0.3333333333333333,0.2266666666666666,255.3432048402135,0.2735486952059116,933.4469851812158,933.4469851812158,0.0,,,0,,,,,58.0,17.0,0.4713236392979721,,,,,,,,,,,,,,,,,,,,,,,,,,,,,,,,,,
random,random,75,2,hotspot,equal,equal,0.3333333333333333,0.3333333333333333,0.3333333333333333,0.32,243.7441687798871,0.1674017162781748,1456.04342774391,1456.04342774391,0.0,,,0,,,,,51.0,24.0,0.4302518120840119,,,,,,,,,,,,,,,,,,,,,,,,,,,,,,,,,,
random,random,75,2,uniform,equal,equal,0.3333333333333333,0.3333333333333333,0.3333333333333333,0.3466666666666667,250.1126119701816,0.2506656804482026,997.7936011143124,997.7936011143124,0.0,,,0,,,,,49.0,26.0,0.4269012479763963,,,,,,,,,,,,,,,,,,,,,,,,,,,,,,,,,,
random,random,100,0,hotspot,equal,equal,0.3333333333333333,0.3333333333333333,0.3333333333333333,0.34,288.5115155805676,0.1899906243701891,1518.5565947634047,1518.5565947634047,0.0,,,0,,,,,66.0,34.0,0.4609540147181679,,,,,,,,,,,,,,,,,,,,,,,,,,,,,,,,,,
random,random,100,0,uniform,equal,equal,0.3333333333333333,0.3333333333333333,0.3333333333333333,0.4,276.2500863253436,0.154200468765246,1791.4996532591952,1791.4996532591952,0.0,,,0,,,,,60.0,40.0,0.4306367399065787,,,,,,,,,,,,,,,,,,,,,,,,,,,,,,,,,,
random,random,100,1,hotspot,equal,equal,0.3333333333333333,0.3333333333333333,0.3333333333333333,0.3,290.54971019495946,0.2429970087356242,1195.6925383845837,1195.6925383845837,0.0,,,0,,,,,70.0,30.0,0.4761330835200651,,,,,,,,,,,,,,,,,,,,,,,,,,,,,,,,,,
random,random,100,1,uniform,equal,equal,0.3333333333333333,0.3333333333333333,0.3333333333333333,0.32,271.34486569732564,0.2341597883412848,1158.8021479667725,1158.8021479667725,0.0,,,0,,,,,68.0,32.0,0.4534378319376082,,,,,,,,,,,,,,,,,,,,,,,,,,,,,,,,,,
random,random,100,2,hotspot,equal,equal,0.3333333333333333,0.3333333333333333,0.3333333333333333,0.39,275.11661222376097,0.1826357273367693,1506.3679830642468,1506.3679830642468,0.0,,,0,,,,,61.0,39.0,0.4331044983179585,,,,,,,,,,,,,,,,,,,,,,,,,,,,,,,,,,
random,random,100,2,uniform,equal,equal,0.3333333333333333,0.3333333333333333,0.3333333333333333,0.36,290.3775307040167,0.2023327044612056,1435.1487638998688,1435.1487638998688,0.0,,,0,,,,,64.0,36.0,0.4558766442101839,,,,,,,,,,,,,,,,,,,,,,,,,,,,,,,,,,
random,random,125,0,hotspot,equal,equal,0.3333333333333333,0.3333333333333333,0.3333333333333333,0.416,304.0647519555077,0.1686622973566104,1802.8021479667725,1802.8021479667725,0.0,,,0,,,,,73.0,52.0,0.4485224663444692,,,,,,,,,,,,,,,,,,,,,,,,,,,,,,,,,,
random,random,125,0,uniform,equal,equal,0.3333333333333333,0.3333333333333333,0.3333333333333333,0.472,278.7744268302245,0.1508287255182248,1848.2847075210475,1848.2847075210475,0.0,,,0,,,,,66.0,59.0,0.4087309910405154,,,,,,,,,,,,,,,,,,,,,,,,,,,,,,,,,,
random,random,125,1,hotspot,equal,equal,0.3333333333333333,0.3333333333333333,0.3333333333333333,0.384,316.78532300766983,0.2147314742032937,1475.262646908288,1475.262646908288,0.0,,,0,,,,,77.0,48.0,0.4699175788236228,,,,,,,,,,,,,,,,,,,,,,,,,,,,,,,,,,
random,random,125,1,uniform,equal,equal,0.3333333333333333,0.3333333333333333,0.3333333333333333,0.424,282.23685513110684,0.1933391148411511,1459.8021479667725,1459.8021479667725,0.0,,,0,,,,,72.0,53.0,0.4277344323727033,,,,,,,,,,,,,,,,,,,,,,,,,,,,,,,,,,
random,random,125,2,hotspot,equal,equal,0.3333333333333333,0.3333333333333333,0.3333333333333333,0.472,284.7143330929418,0.1713956069642064,1661.153037326099,1661.153037326099,0.0,,,0,,,,,66.0,59.0,0.4137380431523521,,,,,,,,,,,,,,,,,,,,,,,,,,,,,,,,,,
random,random,125,2,uniform,equal,equal,0.3333333333333333,0.3333333333333333,0.3333333333333333,0.384,314.4287134632418,0.1712988389245335,1835.5565947634047,1835.5565947634047,0.0,,,0,,,,,77.0,48.0,0.4678330913274918,,,,,,,,,,,,,,,,,,,,,,,,,,,,,,,,,,
random,random,150,0,hotspot,equal,equal,0.3333333333333333,0.3333333333333333,0.3333333333333333,0.4466666666666666,324.5670554198901,0.1701500285363944,1907.5345341506447,1907.5345341506447,0.0,,,0,,,,,83.0,67.0,0.4553896295958428,,,,,,,,,,,,,,,,,,,,,,,,,,,,,,,,,,
random,random,150,0,uniform,equal,equal,0.3333333333333333,0.3333333333333333,0.3333333333333333,0.5,294.56492499307126,0.1371437784307549,2147.854816044752,2147.854816044752,0.0,,,0,,,,,75.0,75.0,0.4125183924343114,,,,,,,,,,,,,,,,,,,,,,,,,,,,,,,,,,
random,random,150,1,hotspot,equal,equal,0.3333333333333333,0.3333333333333333,0.3333333333333333,0.4333333333333333,326.58938762109403,0.2021287282998674,1615.7494798887933,1615.7494798887933,0.0,,,0,,,,,85.0,65.0,0.4616081805961891,,,,,,,,,,,,,,,,,,,,,,,,,,,,,,,,,,
random,random,150,1,uniform,equal,equal,0.3333333333333333,0.3333333333333333,0.3333333333333333,0.4933333333333333,292.58387965371946,0.19345348975732,1512.4249245684564,1512.4249245684564,0.0,,,0,,,,,76.0,74.0,0.4132461594052031,,,,,,,,,,,,,,,,,,,,,,,,,,,,,,,,,,
random,random,150,2,hotspot,equal,equal,0.3333333333333333,0.3333333333333333,0.3333333333333333,0.4866666666666667,316.4279721387519,0.1715742454954613,1844.262646908288,1844.262646908288,0.0,,,0,,,,,77.0,73.0,0.4352776830197806,,,,,,,,,,,,,,,,,,,,,,,,,,,,,,,,,,
random,random,150,2,uniform,equal,equal,0.3333333333333333,0.3333333333333333,0.3333333333333333,0.4133333333333333,329.42260899399434,0.1633632370532865,2016.5039266854253,2016.5039266854253,0.0,,,0,,,,,88.0,62.0,0.4705281831534766,,,,,,,,,,,,,,,,,,,,,,,,,,,,,,,,,,
random,random,200,0,hotspot,equal,equal,0.3333333333333333,0.3333333333333333,0.3333333333333333,0.5,373.1933894581301,0.1600483708571568,2331.7537533150225,2331.7537533150225,0.0,,,0,,,,,100.0,100.0,0.4781057366897115,,,,,,,,,,,,,,,,,,,,,,,,,,,,,,,,,,
random,random,200,0,uniform,equal,equal,0.3333333333333333,0.3333333333333333,0.3333333333333333,0.53,317.2555266405923,0.1162110270513017,2729.99503309216,2729.99503309216,0.0,,,0,,,,,94.0,106.0,0.4213690806089694,,,,,,,,,,,,,,,,,,,,,,,,,,,,,,,,,,
random,random,200,1,hotspot,equal,equal,0.3333333333333333,0.3333333333333333,0.3333333333333333,0.505,358.4574661246305,0.2002168752024198,1790.345922451487,1790.345922451487,0.0,,,0,,,,,99.0,101.0,0.4642707130905321,,,,,,,,,,,,,,,,,,,,,,,,,,,,,,,,,,
random,random,200,1,uniform,equal,equal,0.3333333333333333,0.3333333333333333,0.3333333333333333,0.535,346.6685295654779,0.2115723058258139,1638.5345341506452,1638.5345341506452,0.0,,,0,,,,,93.0,107.0,0.444478142154081,,,,,,,,,,,,,,,,,,,,,,,,,,,,,,,,,,
random,random,200,2,hotspot,equal,equal,0.3333333333333333,0.3333333333333333,0.3333333333333333,0.565,335.34797229689764,0.1674573631169209,2002.5872022286248,2002.5872022286248,0.0,,,0,,,,,87.0,113.0,0.4249218029227394,,,,,,,,,,,,,,,,,,,,,,,,,,,,,,,,,,
random,random,200,2,uniform,equal,equal,0.3333333333333333,0.3333333333333333,0.3333333333333333,0.505,346.3935267774606,0.1626967973161327,2129.0740352091298,2129.0740352091298,0.0,,,0,,,,,99.0,101.0,0.4541132078626508,,,,,,,,,,,,,,,,,,,,,,,,,,,,,,,,,,
